Date,Close/Last,Volume,Open,High,Low
10/28/2024,$2.40,68069,$2.35,$2.40,$2.28
10/25/2024,$2.33,47782,$2.42,$2.44,$2.25
10/24/2024,$2.40,76763,$2.29,$2.46,$2.24
10/23/2024,$2.31,60074,$2.36,$2.36,$2.21
10/22/2024,$2.36,19046,$2.44,$2.44,$2.3204
10/21/2024,$2.41,51358,$2.45,$2.46,$2.26
10/18/2024,$2.49,89978,$2.37,$2.49,$2.32
10/17/2024,$2.37,150120,$2.23,$2.45,$2.22
10/16/2024,$2.23,99070,$2.18,$2.28,$2.10
10/15/2024,$2.08,69379,$2.20,$2.20,$2.07
10/14/2024,$2.20,31930,$2.14,$2.29,$2.11
10-11-2024,$2.12,21515,$2.13,$2.17,$2.09
10-10-2024,$2.17,34427,$2.20,$2.22,$2.0529
10-09-2024,$2.16,66755,$2.23,$2.30,$2.11
10-08-2024,$2.2501,42474,$2.30,$2.38,$2.22
10-07-2024,$2.311,80102,$2.27,$2.3999,$2.23
10-04-2024,$2.33,109581,$2.27,$2.40,$2.20
10-03-2024,$2.34,67051,$2.36,$2.37,$2.2301
10-02-2024,$2.32,122726,$2.36,$2.398,$2.20
10-01-2024,$2.41,195217,$2.21,$2.41,$2.17
09/30/2024,$2.24,1182122,$2.34,$2.57,$2.23
09/27/2024,$2.19,60938,$2.30,$2.30,$2.15
09/26/2024,$2.21,43810,$2.29,$2.33,$2.21
09/25/2024,$2.23,167954,$2.33,$2.399,$2.2101
09/24/2024,$2.31,71480,$2.38,$2.40,$2.29
09/23/2024,$2.39,161982,$2.54,$2.54,$2.21
09/20/2024,$2.54,547587,$2.59,$2.643,$2.52
09/19/2024,$2.45,449425,$2.70,$2.70,$2.1227
09/18/2024,$2.60,309544,$2.65,$2.7092,$2.58
09/17/2024,$2.70,82126,$2.7328,$2.7328,$2.60
09/16/2024,$2.73,215243,$2.71,$2.79,$2.6836
09/13/2024,$2.76,103001,$2.74,$2.9019,$2.6701
09-12-2024,$2.74,24373,$2.63,$2.76,$2.63
09-11-2024,$2.79,21535,$2.79,$2.80,$2.65
09-10-2024,$2.81,50578,$2.84,$2.96,$2.66
09-09-2024,$2.85,285551,$2.88,$3.3295,$2.74
09-06-2024,$2.80,64161,$2.73,$2.92,$2.6846
09-05-2024,$2.80,39632,$2.66,$2.8599,$2.66
09-04-2024,$2.75,59948,$2.70,$2.8028,$2.63
09-03-2024,$2.69,17310,$2.85,$2.85,$2.62
08/30/2024,$2.80,17787,$2.76,$2.86,$2.68
08/29/2024,$2.81,34341,$2.78,$2.82,$2.72
08/28/2024,$2.78,55855,$2.68,$2.89,$2.66
08/27/2024,$2.68,33973,$2.754,$2.80,$2.52
08/26/2024,$2.80,13808,$2.81,$2.85,$2.73
08/23/2024,$2.88,34976,$2.91,$2.9215,$2.7117
08/22/2024,$2.7372,39851,$2.81,$2.88,$2.7101
08/21/2024,$2.6501,85966,$2.89,$2.89,$2.6501
08/20/2024,$2.82,78228,$2.51,$2.89,$2.51
08/19/2024,$2.4768,26852,$2.68,$2.68,$2.44
08/16/2024,$2.5704,29777,$2.62,$2.70,$2.57
08/15/2024,$2.63,19675,$2.55,$2.68,$2.5301
08/14/2024,$2.53,23815,$2.53,$2.57,$2.40
08/13/2024,$2.54,25937,$2.56,$2.66,$2.40
08-12-2024,$2.50,56984,$2.79,$2.87,$2.50
08-09-2024,$2.795,17132,$2.75,$2.88,$2.66
08-08-2024,$2.7601,21563,$2.96,$2.9962,$2.75
08-07-2024,$2.88,25933,$3.06,$3.1283,$2.81
08-06-2024,$3.00,23376,$3.21,$3.21,$2.97
08-05-2024,$3.21,207671,$3.16,$3.64,$2.43
08-02-2024,$3.60,43901,$3.40,$3.63,$3.30
08-01-2024,$3.44,40351,$3.60,$3.6431,$3.40
07/31/2024,$3.59,39201,$3.60,$3.76,$3.51
07/30/2024,$3.60,107329,$3.80,$3.89,$3.50
07/29/2024,$3.71,42348,$3.89,$3.909,$3.62
07/26/2024,$3.76,175271,$3.75,$4.00,$3.65
07/25/2024,$4.07,150905,$3.81,$4.28,$3.80
07/24/2024,$3.88,110046,$4.00,$4.12,$3.80
07/23/2024,$3.92,121154,$3.70,$4.08,$3.70
07/22/2024,$3.70,158111,$3.96,$4.09,$3.5891
07/19/2024,$3.85,99674,$3.96,$4.03,$3.80
07/18/2024,$4.00,107593,$4.13,$4.2899,$3.91
07/17/2024,$4.41,277026,$3.98,$4.60,$3.98
07/16/2024,$3.98,57680,$4.04,$4.19,$3.95
07/15/2024,$4.12,146144,$4.26,$4.4493,$4.00
07-12-2024,$4.37,160053,$4.08,$4.59,$4.05
07-11-2024,$4.08,182779,$4.06,$4.30,$3.91
07-10-2024,$4.06,289706,$3.65,$4.2344,$3.65
07-09-2024,$3.69,163109,$3.55,$3.9999,$3.3523
07-08-2024,$3.58,166876,$3.75,$3.75,$3.30
07-05-2024,$3.79,312007,$3.92,$4.15,$3.60
07-03-2024,$3.90,218195,$4.05,$4.25,$3.76
07-02-2024,$3.80,278077,$4.36,$4.43,$3.7576
07-01-2024,$4.66,1891591,$4.26,$4.98,$3.73
06/28/2024,$3.8456,238388,$4.2503,$4.2503,$3.7419
06/27/2024,$4.252,255078,$4.7331,$4.8011,$4.1738
06/26/2024,$4.847,478287,$5.2703,$5.6018,$4.2503
06/25/2024,$6.7511,279232,$7.0843,$7.4788,$5.964
06/24/2024,$7.6505,822937,$8.2047,$9.6906,$7.3104
06/21/2024,$7.9123,584469,$8.3577,$8.9765,$7.2271
06/20/2024,$10.2669,8198267,$8.9323,$11.8633,$8.1809
06/18/2024,$6.6491,23224989,$11.032,$18.5294,$6.6491
06/17/2024,$3.7742,20388,$3.8303,$3.9901,$3.4869
06/14/2024,$3.7623,9334,$3.8728,$4.0802,$3.7402
06/13/2024,$3.9204,10513,$3.7844,$3.9442,$3.6977
06-12-2024,$3.9017,18987,$3.9612,$4.1465,$3.6637
06-11-2024,$3.9272,13761,$4.0683,$4.2486,$3.8235
06-10-2024,$3.9391,31819,$4.3183,$4.3183,$3.8439
06-07-2024,$4.2333,39920,$4.2503,$4.4628,$3.9952
06-06-2024,$4.0802,24475,$4.4203,$4.4203,$3.9952
06-05-2024,$4.3013,5324,$4.3438,$4.4798,$4.2741
06-04-2024,$4.4186,12277,$4.4849,$4.6073,$4.3353
06-03-2024,$4.6243,25886,$4.5903,$4.6753,$4.3438
05/31/2024,$4.6073,76636,$4.5563,$5.2703,$4.2163
05/30/2024,$4.388,37725,$4.0972,$4.5903,$4.0802
05/29/2024,$4.0037,32374,$3.9986,$4.1567,$3.9527
05/28/2024,$4.2758,55129,$4.6107,$4.6107,$3.9102
05/24/2024,$4.6532,11875,$4.4883,$4.6532,$4.4747
05/23/2024,$4.5665,31890,$4.9303,$5.0153,$4.2503
05/22/2024,$4.8963,48504,$5.0153,$5.017,$4.6243
05/21/2024,$5.0153,25700,$4.9813,$5.221,$4.7603
05/20/2024,$5.6103,33613,$5.2703,$5.6103,$4.779
05/17/2024,$5.3179,87419,$5.2261,$5.6086,$4.8062
05/16/2024,$4.9303,174767,$5.9402,$5.9487,$4.694
05/15/2024,$6.2887,1583404,$5.4403,$10.0306,$4.779
05/14/2024,$4.6056,9012,$4.4305,$4.6753,$4.3557
05/13/2024,$4.4169,6077,$4.5393,$4.5393,$4.388
05-10-2024,$4.3574,5090,$4.2843,$4.4203,$4.1721
05-09-2024,$4.2469,5002,$4.1295,$4.2503,$4.0395
05-08-2024,$4.1823,6921,$4.3693,$4.3693,$4.1023
05-07-2024,$4.2163,6764,$4.2503,$4.4169,$4.167
05-06-2024,$4.2673,20226,$4.4203,$4.5053,$4.2503
05-03-2024,$4.2826,10479,$4.422,$4.5036,$4.2554
05-02-2024,$4.4203,8003,$4.6736,$4.7603,$4.3846
05-01-2024,$4.6753,6517,$4.6243,$4.7263,$4.4424
04/30/2024,$4.6753,6892,$4.7603,$4.7603,$4.4373
04/29/2024,$4.7263,13828,$5.1003,$5.1003,$4.3523
04/26/2024,$4.5223,8356,$4.6243,$4.8436,$4.473
04/25/2024,$4.7603,7140,$4.9473,$5.0969,$4.6753
04/24/2024,$5.1003,10323,$5.0493,$5.4403,$4.9303
04/23/2024,$4.949,11048,$4.7603,$5.1003,$4.7263
04/22/2024,$4.7586,8597,$4.8368,$4.9473,$4.7263
04/19/2024,$4.728,14086,$4.6073,$4.983,$4.6073
04/18/2024,$4.677,9914,$5.2584,$5.2584,$4.6243
04/17/2024,$5.2584,10852,$5.442,$5.4896,$4.6753
04/16/2024,$5.2703,15421,$4.5903,$5.7803,$4.4203
04/15/2024,$4.7263,26336,$5.6103,$5.6103,$4.2673
04-12-2024,$5.6613,19923,$5.6103,$6.0745,$5.2703
04-11-2024,$5.8467,16435,$6.1221,$6.2717,$5.4743
04-10-2024,$5.9504,32927,$6.5794,$6.6967,$5.7973
04-09-2024,$6.7987,26941,$6.9687,$7.5315,$6.4621
04-08-2024,$7.1999,75322,$7.3104,$7.9905,$6.8021
04-05-2024,$8.2404,172626,$7.5502,$9.7773,$7.4838
04-04-2024,$9.0105,2595070,$8.4852,$9.9269,$7.0724
04-03-2024,$6.2904,326326,$6.0184,$6.2904,$5.6936
04-02-2024,$6.0694,3506,$5.9334,$6.1578,$5.6715
04-01-2024,$5.6715,1978,$5.9334,$6.1204,$5.6103
03/28/2024,$5.7803,3358,$5.7633,$6.2904,$5.612
03/27/2024,$5.6953,7146,$6.2394,$6.2479,$5.442
03/26/2024,$6.0073,1981,$5.9334,$6.2564,$5.9164
03/25/2024,$6.2207,4296,$6.4434,$6.4434,$5.6953
03/22/2024,$5.9538,8532,$6.6134,$6.7834,$5.5916
03/21/2024,$6.5197,2290,$6.7987,$6.7987,$6.219
03/20/2024,$6.5454,3261,$6.4706,$6.6644,$6.1799
03/19/2024,$6.1391,1814,$6.5624,$6.5896,$6.1221
03/18/2024,$6.2836,5029,$6.3924,$6.6304,$6.219
03/15/2024,$5.9504,7718,$6.3584,$6.4094,$5.9504
03/14/2024,$5.9674,2634,$6.1204,$6.6134,$5.9674
03/13/2024,$6.1714,4046,$6.6032,$6.7205,$6.1204
03-12-2024,$6.6032,3169,$6.5726,$6.6287,$6.2343
03-11-2024,$6.5454,7288,$7.2424,$7.2424,$6.1204
03-08-2024,$6.7851,9523,$6.6644,$7.1404,$5.9589
03-07-2024,$6.8004,6430,$7.4804,$7.5655,$6.5445
03-06-2024,$7.4804,48028,$8.3577,$8.9935,$5.6103
03-05-2024,$8.5966,34055,$9.8504,$10.2006,$8.1435
03-04-2024,$9.5036,176369,$10.00,$13.6008,$9.2351
03-01-2024,$8.798,60029,$8.1605,$10.8807,$7.8205
02/29/2024,$7.9055,6176,$8.1605,$8.2455,$7.6845
02/28/2024,$7.6845,10297,$8.6705,$8.7538,$7.659
02/27/2024,$8.5175,14641,$8.3305,$9.3506,$7.9905
02/26/2024,$7.8273,3024,$8.4835,$8.4835,$7.6505
02/23/2024,$8.2965,4161,$8.3203,$8.6705,$7.6981
02/22/2024,$7.8256,1556,$8.3305,$8.3305,$7.7746
02/21/2024,$7.8205,1742,$8.0755,$8.2795,$7.7287
02/20/2024,$8.0755,6203,$8.6705,$8.798,$7.9055
02/16/2024,$8.8065,11805,$7.9344,$8.9748,$7.3971
02/15/2024,$7.8919,3238,$8.2115,$8.2115,$7.6335
02/14/2024,$7.8205,3658,$7.9905,$7.993,$7.5315
02/13/2024,$7.5672,3665,$8.2446,$8.3101,$7.5672
02-12-2024,$7.9072,2207,$7.8137,$8.3237,$7.8137
02-09-2024,$8.3288,1431,$8.4138,$8.4138,$7.8222
02-08-2024,$8.1605,2912,$8.0704,$8.2574,$7.6505
02-07-2024,$8.0908,1964,$7.9565,$8.3118,$7.5315
02-06-2024,$7.829,1344,$8.0221,$8.0221,$7.5349
02-05-2024,$7.7729,1057,$7.8035,$7.8035,$7.4804
02-02-2024,$7.6505,3004,$7.727,$7.9888,$7.1574
02-01-2024,$7.6522,2377,$7.8137,$7.9905,$7.2713
01/31/2024,$7.6675,3863,$7.6556,$8.0381,$7.1574
01/30/2024,$7.6505,8515,$8.0415,$8.4138,$7.6505
01/29/2024,$8.305,1897,$8.5005,$8.5005,$7.9956
01/26/2024,$8.3815,3306,$7.9854,$8.6484,$7.9854
01/25/2024,$8.2285,2262,$8.271,$8.4121,$7.8766
01/24/2024,$8.0415,1337,$8.1605,$8.2404,$7.9735
01/23/2024,$8.2438,3624,$8.2778,$8.2965,$7.9735
01/22/2024,$7.8375,1286,$8.5005,$8.5005,$7.8222
01/19/2024,$8.2081,1391,$8.1605,$8.5005,$7.6675
01/18/2024,$7.6301,1579,$8.5005,$8.6705,$7.6301
01/17/2024,$8.4155,2148,$8.5345,$8.6705,$8.4155
01/16/2024,$8.5005,6791,$8.5005,$8.6705,$8.203
01-12-2024,$8.288,6736,$8.883,$8.9646,$8.1945
01-11-2024,$8.611,3338,$9.3506,$9.3506,$8.3305
01-10-2024,$9.0904,3137,$9.4645,$9.5767,$8.696
01-09-2024,$9.7416,3926,$9.5206,$10.2006,$9.5036
01-08-2024,$9.3659,2586,$9.5206,$9.5206,$8.8745
01-05-2024,$9.4339,1460,$8.8405,$9.5206,$8.7997
01-04-2024,$9.1704,6873,$9.3166,$9.5206,$8.6705
01-03-2024,$9.4696,3888,$9.1806,$9.6566,$9.0785
01-02-2024,$9.0768,8623,$8.8405,$9.6906,$8.747
12/29/2023,$9.1295,34877,$9.0955,$10.1156,$8.5005
12/28/2023,$8.4631,18167,$8.7555,$9.8606,$8.3305
12/27/2023,$8.8065,77407,$7.9905,$9.9754,$7.8885
12/26/2023,$7.9905,8421,$7.9905,$8.2965,$7.4804
12/22/2023,$7.7202,9846,$7.6505,$8.8405,$7.2288
12/21/2023,$7.6624,21859,$7.8205,$8.6824,$7.4804
12/20/2023,$8.6824,20402,$8.1945,$9.5206,$8.0772
12/19/2023,$10.0306,8684,$10.4199,$10.7157,$10.0306
12/18/2023,$10.6426,8789,$11.7307,$11.7307,$10.0289
12/15/2023,$10.8977,3321,$11.2207,$11.2207,$10.6256
12/14/2023,$11.0524,7940,$10.4046,$11.2207,$10.374
12/13/2023,$10.7106,7805,$12.2424,$12.2577,$10.3706
12-12-2023,$11.219,5543,$11.1867,$11.7885,$10.8807
12-11-2023,$11.1017,10046,$12.1727,$12.3597,$11.1017
12-08-2023,$12.4107,13365,$11.5947,$12.9038,$11.5743
12-07-2023,$12.8698,26503,$12.477,$13.5957,$11.5743
12-06-2023,$12.9293,204545,$13.6008,$19.3812,$12.8562
12-05-2023,$13.4138,17626,$11.7052,$13.5838,$11.4077
12-04-2023,$11.7035,6603,$11.2326,$12.0605,$11.2207
12-01-2023,$11.2751,37405,$13.6008,$14.3659,$10.3026
11/30/2023,$14.4764,20017,$15.981,$17.001,$14.1108
11/29/2023,$15.981,18264,$16.661,$17.341,$15.306
11/28/2023,$17.001,27227,$17.001,$18.5311,$14.7909
11/27/2023,$18.1911,42197,$19.8912,$20.2312,$15.1309
11/24/2023,$20.5712,77105,$19.5512,$21.7613,$18.1911
11/22/2023,$22.1013,699061,$15.0459,$24.1414,$14.7059
11/21/2023,$14.4526,607848,$15.6426,$18.5311,$13.4478
11/20/2023,$15.2618,7407,$18.1911,$19.3404,$15.1105
11/17/2023,$18.1911,1168,$19.8912,$19.8912,$18.1911
11/16/2023,$18.5311,934,$20.0612,$20.4012,$18.5311
11/15/2023,$19.3795,719,$18.1911,$19.3982,$17.8511
11/14/2023,$18.8711,736,$18.1911,$19.6362,$17.3665
11/13/2023,$18.1911,807,$18.0211,$19.8912,$17.001
11-10-2023,$19.8912,2557,$25.5015,$25.5015,$17.001
11-09-2023,$24.9915,234,$23.6314,$25.5015,$23.6314
11-08-2023,$23.9714,400,$26.1816,$26.3516,$23.6314
11-07-2023,$25.1615,488,$26.5216,$26.9262,$24.9915
11-06-2023,$27.3716,352,$26.6916,$28.0517,$26.0116
11-03-2023,$28.3917,459,$28.0517,$29.5818,$27.2016
11-02-2023,$27.0316,322,$25.1615,$28.8405,$25.1615
11-01-2023,$25.1615,233,$27.2016,$28.9017,$25.1615
10/31/2023,$28.2217,254,$29.5818,$29.7518,$27.8817
10/30/2023,$28.2217,160,$28.3917,$28.3917,$26.5352
10/27/2023,$26.5216,686,$27.2016,$28.90,$26.5216
10/26/2023,$24.8215,346,$24.4815,$27.2016,$24.4815
10/25/2023,$25.5015,163,$25.5015,$25.5865,$24.9065
10/24/2023,$25.6715,1448,$31.1119,$31.1119,$21.933
10/23/2023,$29.4118,543,$32.3019,$32.812,$29.4118
10/20/2023,$32.3869,644,$33.322,$34.6923,$29.7518
10/19/2023,$33.492,824,$34.121,$35.1904,$32.3019
10/18/2023,$35.1921,784,$35.1921,$38.5906,$34.002
10/17/2023,$34.8521,436,$36.4672,$38.0806,$34.8521
10/16/2023,$35.8722,148,$35.8722,$36.7222,$35.7021
10/13/2023,$35.7021,1206,$37.4022,$38.2523,$34.1721
10-12-2023,$37.4022,392,$36.2122,$37.6573,$35.5321
10-11-2023,$36.3822,562,$38.2727,$38.39,$36.3822
10-10-2023,$38.4223,646,$39.1023,$41.253,$36.8922
10-09-2023,$38.5923,810,$43.6926,$43.6926,$38.2523
10-06-2023,$39.1023,345,$39.3098,$40.5746,$39.1023
10-05-2023,$39.6124,657,$38.7623,$41.4774,$38.7623
10-04-2023,$40.1224,232,$41.4825,$41.4825,$38.2523
10-03-2023,$39.9524,122,$41.1425,$42.1999,$39.9524
10-02-2023,$41.1425,442,$41.1425,$42.5009,$40.0986
09/29/2023,$42.3325,281,$42.3988,$42.5026,$41.1425
09/28/2023,$42.4464,129,$42.1625,$42.6539,$41.3125
09/27/2023,$40.2924,244,$42.1625,$42.1625,$40.2924
09/26/2023,$42.375,245,$41.1425,$44.0836,$41.1425
09/25/2023,$43.0126,722,$43.3526,$44.2027,$41.3125
09/22/2023,$42.5026,581,$42.5026,$43.4631,$40.1241
09/21/2023,$41.9925,353,$40.9725,$42.5026,$40.9725
09/20/2023,$41.3125,308,$40.1241,$41.9823,$40.1241
09/19/2023,$41.9925,278,$40.9215,$41.9925,$40.8024
09/18/2023,$41.1425,312,$41.8225,$41.8225,$40.2924
09/15/2023,$41.1425,9374,$41.8225,$44.2027,$39.9524
09/14/2023,$42.8426,12848,$45.2227,$48.7929,$42.3325
09/13/2023,$43.8626,3723,$45.0527,$49.1329,$43.5226
09-12-2023,$42.5026,3703,$45.2227,$45.3927,$40.2924
09-11-2023,$40.9725,4317,$45.5627,$45.6375,$39.9524
09-08-2023,$46.2428,1700,$45.5627,$47.2628,$42.3325
09-07-2023,$44.2027,2823,$40.1224,$45.391,$39.9524
09-06-2023,$41.1425,2181,$45.2227,$45.2227,$40.1224
09-05-2023,$46.0728,8466,$46.0728,$51.8531,$43.6603
09-01-2023,$51.1731,100096,$42.1625,$75.8245,$38.7623
08/31/2023,$39.7824,2632,$36.7222,$42.2322,$36.7222
08/30/2023,$37.5723,772,$36.5522,$39.1023,$36.5522
08/29/2023,$36.5522,379,$35.5321,$37.9123,$35.0221
08/28/2023,$36.7222,193,$37.5723,$37.5723,$36.7222
08/25/2023,$36.7222,322,$43.1826,$43.1826,$35.0221
08/24/2023,$35.0527,121,$34.8521,$35.3621,$34.8521
08/23/2023,$34.8521,1304,$36.7222,$36.7222,$34.002
08/22/2023,$36.5522,1647,$40.4624,$41.3125,$36.5522
08/21/2023,$41.6525,3698,$43.0126,$44.5427,$38.9323
08/18/2023,$42.8426,2844,$43.0126,$45.0527,$42.5026
08/17/2023,$44.2027,575,$44.7127,$44.7127,$42.8426
08/16/2023,$44.2027,684,$47.7729,$47.7729,$44.2027
08/15/2023,$47.2033,507,$47.9429,$48.4529,$46.7528
08/14/2023,$46.9228,1297,$50.153,$50.153,$46.7528
08-11-2023,$49.983,356,$49.983,$50.6613,$49.303
08-10-2023,$47.2628,683,$54.4033,$54.4033,$46.7528
08-09-2023,$54.5733,675,$55.2533,$55.2533,$52.7032
08-08-2023,$55.7633,494,$53.7912,$55.7633,$52.7032
08-07-2023,$53.9782,442,$54.4033,$55.2533,$52.7032
08-04-2023,$54.7433,3345,$55.7633,$58.9935,$54.4033
08-03-2023,$54.5733,1041,$52.7032,$55.1853,$52.7032
08-02-2023,$52.8732,678,$51.8548,$55.3757,$51.8531
08-01-2023,$55.2533,1577,$56.2734,$56.2734,$53.5532
07/31/2023,$56.1034,650,$56.6134,$59.3336,$55.6154
07/28/2023,$55.5933,780,$57.4634,$59.6736,$55.5933
07/27/2023,$58.4835,519,$63.5838,$63.7351,$57.6301
07/26/2023,$60.9368,587,$61.2037,$62.4787,$60.8637
07/25/2023,$61.8837,918,$63.7538,$68.3441,$61.2037
07/24/2023,$63.1588,1585,$69.5342,$69.5342,$61.8837
07/21/2023,$70.3842,314,$70.2142,$70.5542,$68.9493
07/20/2023,$68.662,1003,$72.2543,$72.5485,$68.1741
07/19/2023,$71.0643,1214,$71.5743,$74.2554,$68.8541
07/18/2023,$70.2142,1178,$71.3618,$73.9476,$70.2142
07/17/2023,$72.4243,565,$74.8045,$74.8045,$71.4043
07/14/2023,$73.9544,2473,$76.3346,$79.2248,$69.8742
07/13/2023,$76.3346,539,$78.5447,$79.0547,$74.8062
07-12-2023,$75.3145,2345,$81.6049,$81.6049,$75.3145
07-11-2023,$80.2448,1543,$80.5848,$82.2849,$79.5648
07-10-2023,$81.4349,1213,$80.2448,$83.6484,$80.0748
07-07-2023,$82.795,3917,$80.7548,$86.1952,$79.5648
07-06-2023,$78.8847,1218,$82.1149,$82.1149,$77.3546
07-05-2023,$79.5291,540,$81.6049,$82.795,$79.2248
07-03-2023,$80.9249,924,$84.4951,$84.4951,$79.0547
06/30/2023,$80.0748,2087,$79.3948,$83.4495,$78.2047
06/29/2023,$79.3948,631,$79.3948,$80.9249,$78.0347
06/28/2023,$79.3948,561,$79.7348,$80.5848,$79.3948
06/27/2023,$78.7147,521,$78.5447,$81.2649,$78.2064
06/26/2023,$78.3747,2759,$84.4951,$84.4951,$78.2047
06/23/2023,$80.4148,901,$82.0758,$82.0758,$78.2047
06/22/2023,$80.4148,6240,$80.7548,$85.0051,$78.2047
06/21/2023,$77.3546,3195,$79.0547,$79.898,$75.3162
06/20/2023,$77.0146,965,$77.5247,$79.3965,$75.3162
06/16/2023,$77.3546,1778,$78.3747,$81.0949,$75.4845
06/15/2023,$77.3546,1101,$85.0051,$85.0051,$76.8446
06/14/2023,$80.8875,2610,$78.2047,$83.305,$77.8647
06/13/2023,$77.5247,2150,$73.9544,$78.0347,$73.1044
06-12-2023,$74.0394,604,$74.8062,$75.3145,$73.0619
06-09-2023,$76.5046,646,$79.3948,$79.3948,$76.5046
06-08-2023,$78.3747,1050,$75.8245,$79.0547,$72.9344
06-07-2023,$75.6545,1291,$75.8245,$75.8245,$72.2543
06-06-2023,$74.2945,2009,$78.3747,$78.3747,$74.2945
06-05-2023,$78.3747,855,$78.0347,$79.5648,$76.8446
06-02-2023,$77.1846,884,$77.3546,$78.8847,$76.1646
06-01-2023,$76.8446,2317,$75.9946,$79.5648,$75.3145
05/31/2023,$76.8446,3040,$73.4444,$79.0547,$70.9232
05/30/2023,$73.1044,1698,$75.6545,$75.6545,$72.7644
05/26/2023,$72.7644,3660,$76.8446,$76.8446,$68.0058
05/25/2023,$79.5648,23955,$78.5447,$88.4053,$73.6144
05/24/2023,$75.6545,1475,$76.3346,$76.4179,$70.8943
05/23/2023,$74.4645,4588,$84.155,$84.155,$70.2159
05/22/2023,$79.7348,20741,$72.7644,$84.155,$69.8742
05/19/2023,$68.8541,1404,$73.1044,$73.2744,$68.6841
05/18/2023,$69.8742,1773,$71.0643,$72.2526,$68.3441
05/17/2023,$69.0241,1556,$69.1942,$71.0643,$67.8341
05/16/2023,$67.409,1150,$70.5542,$70.5542,$64.9439
05/15/2023,$67.8341,576,$67.324,$70.5542,$67.324
05-12-2023,$67.324,2354,$69.5342,$70.7242,$66.304
05-11-2023,$71.0643,5642,$69.5342,$80.4131,$65.5389
05-10-2023,$65.4539,1017,$71.4043,$71.4043,$63.6008
05-09-2023,$68.0041,2034,$68.6841,$68.8541,$66.304
05-08-2023,$64.7739,1871,$68.5141,$68.5141,$60.6936
05-05-2023,$65.964,1984,$65.964,$70.3842,$62.0537
05-04-2023,$65.964,12717,$61.7137,$74.2928,$55.5933
05-03-2023,$60.6936,4578,$60.3536,$65.913,$57.8052
05-02-2023,$60.5236,3587,$55.0833,$62.0537,$51.5148
05-01-2023,$51.5131,230,$54.0632,$54.0632,$51.1731
04/28/2023,$52.7032,304,$52.3631,$53.9782,$52.3631
04/27/2023,$50.8331,1128,$49.643,$54.1601,$49.643
04/26/2023,$49.983,2151,$53.3832,$54.0632,$49.1329
04/25/2023,$51.6831,1036,$55.4233,$57.4634,$51.0031
04/24/2023,$57.8035,1374,$58.9935,$63.7538,$57.2951
04/21/2023,$58.9935,6432,$71.9143,$72.9344,$56.2734
04/20/2023,$74.1244,1734,$71.5743,$74.4645,$69.7042
04/19/2023,$74.6345,14449,$77.6947,$79.5631,$68.8541
04/18/2023,$74.5495,109282,$57.2934,$83.6688,$57.1234
04/17/2023,$57.1234,15370,$50.8331,$63.5821,$50.153
04/14/2023,$50.8331,35772,$56.1034,$66.304,$50.8331
04/13/2023,$56.2734,12235,$46.0728,$57.8035,$46.0728
04-12-2023,$46.4128,489,$47.1778,$47.6029,$46.0949
04-11-2023,$45.9028,1097,$47.7729,$48.9629,$45.9028
04-10-2023,$46.9228,541,$45.5117,$48.2829,$45.2227
04-06-2023,$46.5828,328,$45.0527,$47.4311,$44.5852
04-05-2023,$45.3927,1273,$48.2829,$48.2829,$43.5226
04-04-2023,$45.0527,969,$49.7705,$49.7705,$45.0527
04-03-2023,$44.7127,1535,$49.303,$50.8313,$44.7127
03/31/2023,$51.1731,2441,$50.663,$52.0231,$46.5828
03/30/2023,$48.9629,1553,$50.8331,$50.8756,$47.6029
03/29/2023,$49.983,1516,$47.2628,$50.153,$46.9228
03/28/2023,$46.7528,858,$46.0728,$47.4328,$46.0728
03/27/2023,$46.7528,2343,$44.7127,$47.8579,$44.7127
03/24/2023,$44.8827,900,$43.3526,$45.2329,$43.3526
03/23/2023,$44.0326,1297,$44.3727,$45.9011,$43.8626
03/22/2023,$45.7327,2330,$45.5627,$45.9028,$43.0126
03/21/2023,$46.5828,11365,$44.0326,$46.7528,$42.5026
03/20/2023,$43.8626,5164,$49.813,$50.6817,$43.2676
03/17/2023,$49.303,11703,$64.6039,$64.6039,$49.303
03/16/2023,$65.964,17616,$69.7042,$71.4043,$61.8837
03/15/2023,$72.5944,27592,$63.9238,$73.1044,$63.9238
03/14/2023,$65.964,4550,$62.5638,$68.0041,$57.8035
03/13/2023,$60.3536,2373,$70.3842,$71.9143,$60.1836
03-10-2023,$72.2543,1855,$78.3747,$81.9449,$71.5743
03-09-2023,$78.5447,1950,$83.815,$86.0388,$78.5447
03-08-2023,$85.6851,1022,$87.7253,$87.7253,$83.475
03-07-2023,$86.5352,1103,$87.2152,$90.7854,$84.8334
03-06-2023,$87.5553,1757,$90.2754,$95.2907,$87.5553
03-03-2023,$92.1472,4524,$87.5621,$93.5056,$86.8361
03-02-2023,$86.5352,10654,$91.2955,$103.1962,$85.0051
03-01-2023,$91.6355,2159,$93.5056,$94.371,$86.5352
02/28/2023,$92.8256,5560,$89.0853,$97.035,$88.7453
02/27/2023,$89.7654,12889,$84.155,$97.7559,$84.155
02/24/2023,$83.4767,1645,$87.3852,$87.3852,$82.4549
02/23/2023,$87.4702,8297,$95.5457,$104.2163,$84.8351
02/22/2023,$107.7131,4838,$113.8586,$125.2063,$97.9465
02/21/2023,$129.6178,695,$138.9764,$140.2514,$128.0113
02/17/2023,$139.9709,586,$147.57,$147.57,$134.0293
02/16/2023,$144.6374,259,$146.1165,$147.9012,$140.5574
02/15/2023,$146.142,672,$151.2165,$151.7265,$143.0564
02/14/2023,$147.9015,1530,$144.2039,$151.089,$137.7014
02/13/2023,$140.6594,2239,$145.3515,$145.3515,$133.8763
02-10-2023,$138.9764,1629,$146.3715,$150.9615,$131.3263
02-09-2023,$150.9615,1831,$163.2781,$164.4764,$142.8014
02-08-2023,$164.3491,580,$168.0977,$170.7497,$163.3291
02-07-2023,$170.8772,950,$175.9518,$175.9518,$160.6516
02-06-2023,$170.5967,1873,$178.5018,$183.6018,$165.7517
02-03-2023,$170.6732,1665,$160.0651,$173.4017,$155.8066
02-02-2023,$156.8266,1230,$163.2016,$163.2016,$155.5516
02-01-2023,$155.5516,1277,$163.6096,$172.3562,$153.741
01/31/2023,$160.6771,1201,$163.4566,$170.2397,$153.69
01/30/2023,$161.1871,1858,$178.4763,$178.4763,$156.8521
01/27/2023,$169.5767,6962,$169.5767,$198.851,$158.1016
01/26/2023,$165.7517,586,$168.5567,$176.2578,$164.5021
01/25/2023,$166.2617,480,$173.4017,$178.5018,$165.8027
01/24/2023,$172.3817,617,$173.4017,$186.1519,$170.8517
01/23/2023,$169.3217,1208,$156.8266,$181.0518,$156.8266
01/20/2023,$156.5206,677,$160.6516,$165.7259,$154.2765
01/19/2023,$158.1016,1053,$160.6516,$165.7259,$156.8266
01/18/2023,$156.8266,618,$155.6026,$165.4712,$155.6026
01/17/2023,$155.6026,1112,$163.2016,$170.5967,$153.0015
01/13/2023,$158.1271,1200,$144.7394,$161.9266,$140.5319
01-12-2023,$142.6739,295,$140.2514,$145.3515,$137.7269
01-11-2023,$140.2514,600,$140.2514,$147.9015,$137.7014
01-10-2023,$139.5629,517,$135.6614,$140.2514,$133.8508
01-09-2023,$136.5029,330,$137.7014,$140.2514,$132.6523
01-06-2023,$132.6268,1057,$130.6123,$142.7759,$130.0513
01-05-2023,$140.5574,849,$143.0564,$147.9015,$137.9564
01-04-2023,$142.7759,443,$140.3789,$147.9015,$138.1076
01-03-2023,$142.8269,611,$149.3805,$150.4515,$140.2514
12/30/2022,$144.8159,381,$142.8014,$150.4005,$140.2514
12/29/2022,$147.9015,1003,$142.7249,$149.5335,$137.7014
12/28/2022,$146.754,540,$148.335,$152.8995,$140.2259
12/27/2022,$152.925,331,$155.5516,$163.2016,$150.4515
12/23/2022,$158.1016,239,$152.4405,$163.2016,$152.4405
12/22/2022,$155.5516,1315,$153.0015,$165.7517,$146.6265
12/21/2022,$146.6265,262,$150.4515,$155.9086,$145.3515
12/20/2022,$147.9015,345,$145.6065,$153.0015,$145.6065
12/19/2022,$147.9015,192,$153.0015,$158.0761,$145.6065
12/16/2022,$153.0015,425,$163.1251,$168.3017,$153.0015
12/15/2022,$156.4696,202,$158.6116,$168.3017,$155.8321
12/14/2022,$158.3821,239,$158.8156,$168.0467,$158.0386
12/13/2022,$161.1106,520,$167.7662,$168.0209,$154.2765
12-12-2022,$158.9941,236,$166.0322,$166.0322,$158.8666
12-09-2022,$168.3017,382,$173.1467,$173.1467,$158.8668
12-08-2022,$173.1467,116,$181.0518,$181.0518,$163.5076
12-07-2022,$173.4017,319,$172.3307,$175.9518,$159.6571
12-06-2022,$164.1451,254,$178.5018,$178.5018,$158.8666
12-05-2022,$170.1887,473,$180.4653,$180.4653,$160.7536
12-02-2022,$168.0467,420,$154.2765,$173.1467,$154.2765
12-01-2022,$154.71,382,$153.0015,$155.5006,$147.9015
11/30/2022,$147.9015,161,$153.0015,$153.0015,$145.3515
11/29/2022,$149.151,347,$151.7265,$152.9505,$145.3515
11/28/2022,$150.4515,221,$155.5516,$155.5516,$147.978
11/25/2022,$147.978,212,$145.3515,$150.4515,$145.3515
11/23/2022,$147.5136,389,$148.335,$151.7263,$142.8014
11/22/2022,$145.3515,614,$150.4515,$155.5261,$145.3515
11/21/2022,$150.7575,526,$158.1016,$158.3821,$147.9015
11/18/2022,$161.9011,270,$164.7826,$165.2927,$153.0015
11/17/2022,$158.1271,375,$167.1542,$167.1797,$155.8576
11/16/2022,$164.5531,553,$165.7517,$168.3017,$153.0015
11/15/2022,$167.0267,2388,$183.6018,$183.6018,$155.5516
11/14/2022,$178.7568,2364,$172.6367,$188.7019,$166.2617
11-11-2022,$166.2617,464,$158.1016,$167.0267,$158.0761
11-10-2022,$156.8011,409,$152.976,$158.1016,$147.9015
11-09-2022,$151.2165,344,$148.6665,$160.6516,$147.9015
11-08-2022,$151.7265,558,$152.9505,$157.9996,$149.1765
11-07-2022,$150.579,356,$155.5516,$155.5516,$148.1565
11-04-2022,$153.0273,319,$153.0015,$155.5513,$147.927
11-03-2022,$151.752,225,$151.038,$156.7501,$151.038
11-02-2022,$155.5516,330,$150.3495,$160.8811,$150.3495
11-01-2022,$158.1016,412,$160.5751,$162.2836,$147.9015
10/31/2022,$159.3766,357,$170.8517,$170.8517,$156.7246
10/28/2022,$159.7081,1125,$165.7517,$165.7517,$153.8175
10/27/2022,$160.6261,740,$172.1267,$174.2687,$153.0015
10/26/2022,$171.5147,490,$177.7623,$177.7623,$167.0267
10/25/2022,$167.0269,1270,$170.8007,$178.2468,$163.2016
10/24/2022,$168.3017,624,$179.8788,$181.7403,$167.8682
10/21/2022,$171.3362,322,$169.2707,$175.9518,$168.3017
10/20/2022,$171.2852,1023,$178.5018,$178.6548,$168.3017
10/19/2022,$178.5018,694,$188.5744,$190.8184,$176.0283
10/18/2022,$183.8823,372,$182.3268,$193.8019,$182.3268
10/17/2022,$184.8768,289,$188.9569,$195.077,$182.3268
10/14/2022,$187.3759,347,$191.2519,$198.902,$186.1519
10/13/2022,$189.9639,503,$188.6254,$198.1115,$181.0521
10-12-2022,$188.6764,636,$204.002,$204.002,$178.5018
10-11-2022,$197.372,273,$195.383,$199.5395,$193.8019
10-10-2022,$198.8255,478,$198.0605,$209.1021,$193.8019
10-07-2022,$204.1805,479,$201.452,$212.9271,$196.607
10-06-2022,$206.5521,639,$208.6176,$214.1256,$202.727
10-05-2022,$211.4991,844,$204.002,$214.3551,$199.0295
10-04-2022,$212.9271,1366,$213.1821,$219.2512,$203.186
10-03-2022,$212.9016,4736,$198.902,$219.3022,$189.0081
09/30/2022,$197.627,1775,$205.1496,$212.9781,$196.352
09/29/2022,$201.8345,1101,$209.1021,$218.2822,$193.0114
09/28/2022,$212.9526,1017,$201.197,$221.8522,$197.627
09/27/2022,$204.0275,583,$211.6521,$211.6521,$199.2845
09/26/2022,$207.4446,3114,$211.6521,$229.4003,$199.667
09/23/2022,$194.6434,3549,$193.8019,$194.6434,$175.9518
09/22/2022,$192.3994,972,$196.352,$196.352,$185.1319
09/21/2022,$196.403,1538,$203.747,$211.6266,$188.7019
09/20/2022,$206.6796,1433,$219.7357,$219.7357,$196.352
09/19/2022,$223.7392,1262,$239.8044,$239.8044,$214.2021
09/16/2022,$239.3199,3528,$247.3525,$255.0026,$226.0598
09/15/2022,$246.0775,5397,$249.9025,$260.1026,$230.7773
09/14/2022,$235.2909,5279,$214.2021,$244.8024,$213.9471
09/13/2022,$210.7086,3264,$214.0236,$219.2767,$199.0295
09-12-2022,$201.9365,697,$193.8019,$206.5263,$189.4669
09-09-2022,$193.8019,438,$191.2519,$198.902,$191.2264
09-08-2022,$189.2119,322,$188.7019,$193.8019,$181.0518
09-07-2022,$188.7019,508,$190.1044,$196.352,$181.3068
09-06-2022,$189.9004,382,$204.9966,$204.9966,$188.7019
09-02-2022,$196.352,524,$213.9471,$213.9471,$191.2519
09-01-2022,$199.004,703,$209.1021,$209.1021,$194.1589
08/31/2022,$201.5795,1138,$198.647,$204.002,$192.0172
08/30/2022,$196.5305,958,$198.3155,$205.6596,$191.2519
08/29/2022,$197.1986,1649,$188.8039,$201.4265,$178.5018
08/26/2022,$188.5999,1435,$188.0389,$188.7019,$178.7568
08/25/2022,$183.2193,1465,$186.1519,$187.9879,$173.4527
08/24/2022,$186.1519,2260,$196.352,$205.2771,$183.6018
08/23/2022,$201.5795,1989,$209.1021,$211.6521,$192.3229
08/22/2022,$209.1021,1840,$224.4022,$224.4022,$206.5776
08/19/2022,$221.9032,1760,$234.6023,$234.6023,$216.7522
08/18/2022,$234.3218,1896,$224.4022,$239.6769,$224.4022
08/17/2022,$224.4022,3216,$226.9523,$229.5023,$214.2021
08/16/2022,$235.1634,5220,$251.9425,$251.9425,$224.4532
08/15/2022,$247.3525,9981,$252.1975,$290.7029,$242.2524
08-12-2022,$275.4028,11017,$229.5023,$277.9528,$227.7173
08-11-2022,$226.9523,3494,$234.6023,$237.1524,$221.5462
08-10-2022,$229.3493,2764,$229.5023,$234.6023,$224.4022
08-09-2022,$232.7153,9829,$242.7879,$265.2027,$225.8048
08-08-2022,$242.0229,14083,$219.0472,$249.9025,$210.6321
08-05-2022,$219.3277,4746,$233.9393,$237.1269,$214.2021
08-04-2022,$233.3273,4700,$239.7024,$244.3434,$222.0052
08-03-2022,$232.8173,14481,$233.8118,$262.6526,$219.3022
08-02-2022,$245.746,67897,$211.1931,$293.2529,$204.5375
08-01-2022,$209.1021,2878,$239.7024,$244.8024,$206.5776
07/29/2022,$241.6149,2581,$249.9025,$257.5526,$229.5023
07/28/2022,$257.5526,2526,$267.7527,$270.3027,$250.183
07/27/2022,$270.3027,24014,$262.6526,$344.2534,$248.959
07/26/2022,$262.6526,1526,$267.7527,$275.3773,$247.174
07/25/2022,$275.4028,1394,$290.7029,$293.2529,$260.1026
07/22/2022,$285.6029,977,$275.4028,$295.803,$275.4028
07/21/2022,$280.5028,605,$285.6029,$295.803,$277.9528
07/20/2022,$295.803,2115,$283.0528,$300.903,$270.3027
07/19/2022,$280.5028,1510,$300.903,$308.5786,$267.7527
07/18/2022,$308.5531,1903,$313.6531,$323.8532,$288.1529
07/15/2022,$306.0031,1741,$354.4535,$357.0036,$293.9924
07/14/2022,$357.0036,491,$377.4038,$385.0539,$351.9035
07/13/2022,$376.1288,1017,$385.0539,$413.1041,$372.3292
07-12-2022,$397.804,906,$428.4043,$442.4039,$382.5038
07-11-2022,$420.7542,596,$474.3047,$476.8548,$415.6542
07-08-2022,$476.8548,747,$479.4048,$499.805,$451.3545
07-07-2022,$484.5048,619,$522.7552,$530.4053,$484.5048
07-06-2022,$510.0051,197,$535.5054,$550.78,$510.0051
07-05-2022,$527.8553,690,$522.7552,$565.0602,$484.5048
07-01-2022,$535.5054,145,$527.8553,$568.6557,$527.8553
06/30/2022,$538.0554,103,$561.0056,$563.5556,$532.9553
06/29/2022,$548.2555,89,$573.2457,$578.8558,$543.1554
06/28/2022,$561.0056,185,$614.5561,$614.5561,$555.9056
06/27/2022,$586.5059,90,$608.1811,$609.4561,$581.4058
06/24/2022,$627.3063,177,$650.2565,$660.4311,$601.8315
06/23/2022,$627.3063,191,$685.9569,$688.5069,$599.3325
06/22/2022,$673.2067,607,$583.9558,$673.2067,$583.9558
06/21/2022,$609.4561,604,$594.1559,$612.0061,$553.3555
06/17/2022,$583.9558,457,$553.3555,$601.806,$522.7552
06/16/2022,$568.6557,361,$601.806,$640.0564,$540.6054
06/15/2022,$632.4063,480,$576.3058,$652.8065,$573.7557
06/14/2022,$668.1067,793,$719.1072,$790.5079,$650.2565
06/13/2022,$731.8573,1170,$749.7075,$765.0077,$685.9569
06-10-2022,$708.9071,429,$678.3068,$711.4571,$640.7449
06-09-2022,$657.9066,787,$634.9564,$729.3073,$634.9564
06-08-2022,$634.9564,144,$617.1062,$663.0066,$617.1062
06-07-2022,$627.3063,150,$624.7562,$655.3566,$599.256
06-06-2022,$640.0564,95,$629.8563,$685.9314,$612.0061
06-03-2022,$629.8563,103,$650.2565,$650.2565,$599.256
06-02-2022,$627.3063,55,$622.2062,$640.0564,$594.2834
06-01-2022,$604.356,329,$647.7065,$696.157,$586.5059
05/31/2022,$647.7065,311,$637.5064,$657.8811,$605.5291
05/27/2022,$594.1559,129,$591.6059,$637.5064,$572.4807
05/26/2022,$578.8558,147,$555.9056,$599.256,$555.9056
05/25/2022,$568.6557,81,$520.2052,$573.7557,$520.2052
05/24/2022,$530.4053,334,$558.4556,$571.0017,$510.0051
05/23/2022,$553.3555,94,$561.0056,$569.8542,$540.6054
05/20/2022,$550.8055,474,$604.356,$617.1062,$543.1554
05/19/2022,$601.806,422,$586.5059,$632.4063,$576.2803
05/18/2022,$578.8558,160,$578.8558,$609.4561,$561.0311
05/17/2022,$595.431,156,$612.0061,$612.0061,$561.0566
05/16/2022,$589.0559,991,$596.706,$612.0061,$548.5105
05/13/2022,$566.1057,345,$566.1057,$596.706,$561.0056
05-12-2022,$566.1057,249,$538.0554,$586.5059,$515.1307
05-11-2022,$563.5556,258,$614.5561,$614.5561,$516.5587
05-10-2022,$583.9558,400,$645.1565,$683.4068,$576.3058
05-09-2022,$640.0564,453,$650.2565,$685.9569,$629.8563
05-06-2022,$652.8065,521,$660.4566,$698.707,$642.6064
05-05-2022,$660.4566,199,$691.0569,$711.4571,$645.3095
05-04-2022,$691.0569,281,$663.0066,$719.1072,$657.9066
05-03-2022,$663.0066,497,$663.0066,$698.707,$663.0066
05-02-2022,$652.8065,578,$701.257,$701.257,$637.5064
04/29/2022,$711.4571,192,$747.1575,$749.7075,$698.707
04/28/2022,$726.7573,746,$777.7578,$790.4824,$688.5069
04/27/2022,$782.8578,8224,$765.0077,$915.4592,$757.3576
04/26/2022,$757.3576,426,$782.8578,$826.2083,$742.9499
04/25/2022,$805.8081,269,$765.0077,$805.8081,$744.6074
04/22/2022,$777.7578,531,$777.7578,$816.0082,$754.8076
04/21/2022,$777.7578,307,$828.7583,$838.9584,$772.6577
04/20/2022,$826.2083,411,$813.4581,$864.4586,$798.1325
04/19/2022,$798.158,380,$793.0579,$821.1082,$767.5577
04/18/2022,$803.258,595,$849.1585,$884.8589,$803.258
04/14/2022,$859.3586,494,$856.8086,$882.3088,$831.3083
04/13/2022,$856.8086,482,$851.7085,$877.2088,$836.4084
04-12-2022,$836.4084,1109,$963.9096,$963.9096,$828.7583
04-11-2022,$956.2596,1280,$915.4592,$1007.2601,$867.0087
04-08-2022,$882.3088,941,$971.5597,$971.5597,$877.2088
04-07-2022,$920.5592,1750,$1040.4104,$1058.2096,$895.059
04-06-2022,$1032.7603,932,$1027.6603,$1106.7111,$1025.1103
04-05-2022,$1032.7603,673,$1035.3104,$1068.4352,$1009.8101
04-04-2022,$1040.4104,1551,$1040.4104,$1054.6905,$974.1097
04-01-2022,$1035.3104,4948,$1091.4109,$1132.2113,$997.06
03/31/2022,$1099.061,1817,$1096.511,$1180.6618,$1053.1605
03/30/2022,$1109.2611,1089,$1162.8116,$1195.962,$1071.0107
03/29/2022,$1190.8619,3361,$1160.2616,$1300.4875,$1160.2616
03/28/2022,$1178.1118,1176,$1206.1621,$1257.1626,$1152.6115
03/25/2022,$1206.1621,1458,$1326.0133,$1349.04,$1195.9875
03/24/2022,$1333.6633,713,$1366.8137,$1402.514,$1318.3632
03/23/2022,$1366.8137,3982,$1445.8645,$1591.2159,$1326.0133
03/22/2022,$1445.8645,925,$1430.5643,$1517.6732,$1430.5643
03/21/2022,$1453.5145,973,$1499.415,$1555.5156,$1435.2819
03/18/2022,$1479.0148,952,$1530.0153,$1547.8655,$1443.3144
03/17/2022,$1532.5653,1134,$1351.5135,$1575.9158,$1351.5135
03/16/2022,$1366.8137,1010,$1420.3642,$1530.0153,$1326.0133
03/15/2022,$1402.514,408,$1338.7634,$1435.6644,$1338.7634
03/14/2022,$1320.9132,522,$1440.7644,$1466.2647,$1318.3632
03-11-2022,$1440.7644,688,$1568.2657,$1588.6659,$1440.7644
03-10-2022,$1593.7659,2942,$1438.2144,$1647.3165,$1438.2144
03-09-2022,$1440.7644,699,$1394.864,$1527.4653,$1377.0138
03-08-2022,$1364.2636,1461,$1377.0138,$1471.3647,$1241.8624
03-07-2022,$1351.5135,1395,$1563.1656,$1583.5658,$1338.7634
03-04-2022,$1583.5658,652,$1652.4165,$1698.266,$1545.3155
03-03-2022,$1683.0168,673,$1810.5181,$1818.1682,$1665.1667
03-02-2022,$1787.5679,1848,$1728.9173,$1848.7685,$1696.685
03-01-2022,$1700.867,742,$1680.4668,$1708.5171,$1542.7654
02/28/2022,$1670.2667,1110,$1565.7157,$1690.6669,$1553.2205
02/25/2022,$1540.2154,569,$1507.0651,$1560.6411,$1479.0403
02/24/2022,$1517.2652,1396,$1341.3134,$1522.3652,$1300.513
02/23/2022,$1425.4643,667,$1428.0143,$1456.0646,$1338.7634
02/22/2022,$1428.0143,1260,$1453.5145,$1486.6394,$1338.7634
02/18/2022,$1519.8152,1330,$1568.2657,$1598.815,$1428.0143
02/17/2022,$1581.0158,2400,$1734.0173,$1734.0173,$1512.1651
02/16/2022,$1741.6674,1991,$1693.2169,$1759.5176,$1634.5663
02/15/2022,$1700.867,5773,$1629.4663,$1744.2174,$1583.5658
02/14/2022,$1624.3662,11889,$1491.7649,$1764.6177,$1491.7649
02-11-2022,$1491.7649,10413,$1282.6628,$1578.4658,$1282.6628
02-10-2022,$1295.413,7246,$1104.161,$1422.9142,$1104.161
02-09-2022,$1162.8116,2988,$1007.2601,$1206.1621,$1007.2601
02-08-2022,$981.7598,2842,$997.06,$1058.2606,$943.5349
02-07-2022,$997.06,3456,$1144.9615,$1181.1718,$972.8347
02-04-2022,$1150.0615,5051,$1292.8629,$1341.3134,$1134.7614
02-03-2022,$1323.4632,4501,$1295.413,$1356.6136,$1259.7126
02-02-2022,$1326.0133,2814,$1300.513,$1351.5135,$1285.2129
02-01-2022,$1300.513,5215,$1326.0133,$1412.6886,$1282.6628
01/31/2022,$1369.3637,5928,$1229.1123,$1420.3642,$1203.612
01/28/2022,$1275.0128,7715,$1315.8132,$1425.4643,$1257.1626
01/27/2022,$1318.3632,4865,$1356.6136,$1491.7649,$1295.668
01/26/2022,$1333.6633,7718,$1504.515,$1581.0158,$1331.1133
01/25/2022,$1501.965,32971,$1448.4145,$1858.9686,$1331.1133
01/24/2022,$1514.7152,5333,$1598.866,$1601.416,$1367.7062
01/21/2022,$1711.0671,11876,$1823.2682,$1876.8188,$1611.7691
01/20/2022,$1810.5181,15308,$2027.2703,$2167.4962,$1772.2677
01/19/2022,$2040.0204,24177,$2014.5202,$2244.0224,$1950.7695
01/18/2022,$1945.6695,39641,$2098.671,$2521.9752,$1912.5191
01/14/2022,$2284.8229,39797,$1925.2693,$2381.7238,$1864.0686
01/13/2022,$2022.1702,15364,$2045.1205,$2088.4709,$1836.0184
01-12-2022,$2062.9706,22848,$2024.7203,$2185.3719,$1884.4688
01-11-2022,$2055.3206,33033,$2046.9055,$2200.672,$1935.4694
01-10-2022,$2004.32,58055,$1650.1215,$2129.2713,$1644.7665
01-07-2022,$1555.5156,15810,$1731.4673,$1884.4688,$1448.4145
01-06-2022,$1721.2672,25984,$2286.8629,$2437.8244,$1657.5166
01-05-2022,$2269.5227,94821,$2152.2215,$2674.9513,$2073.1707
01-04-2022,$2376.6238,204409,$1782.4678,$2572.9757,$1736.5674
01-03-2022,$1932.9193,100481,$1660.0666,$2435.2744,$1606.5161
12/31/2021,$1642.2164,13831,$1609.0661,$1779.9178,$1532.5653
12/30/2021,$1675.3668,92655,$1917.6192,$1971.1697,$1624.3662
12/29/2021,$1593.7659,28737,$1494.3149,$1708.5171,$1343.8889
12/28/2021,$1535.1154,181215,$1825.8183,$1874.2432,$1448.4145
12/27/2021,$1354.0635,39934,$1065.9107,$1509.6151,$1063.3606
12/23/2021,$1101.611,7629,$1175.5618,$1178.1118,$1053.1605
12/22/2021,$1234.2123,23177,$1226.5623,$1333.6633,$1032.7603
12/21/2021,$1389.7639,296175,$1915.0692,$2103.771,$1300.513
12/20/2021,$777.7578,2856,$716.5572,$795.608,$652.8065
12/17/2021,$734.4073,1284,$739.5074,$782.8578,$693.6069
12/16/2021,$759.9076,3062,$719.1072,$775.2078,$632.4063
12/15/2021,$693.6069,15658,$739.2524,$861.9086,$647.7065
12/14/2021,$721.6572,9459,$627.3063,$813.4581,$576.3058
12/13/2021,$650.2565,19881,$535.5054,$744.5819,$532.9553
12-10-2021,$530.4053,293,$558.4556,$571.2057,$525.3053
12-09-2021,$530.4053,430,$515.1052,$535.5054,$489.6049
12-08-2021,$510.0051,360,$502.355,$525.3053,$492.1549
12-07-2021,$502.355,135,$507.4551,$520.2052,$492.1549
12-06-2021,$492.1549,151,$502.355,$518.0632,$471.7547
12-03-2021,$520.2052,201,$512.5551,$535.5054,$474.3047
12-02-2021,$497.255,270,$517.6552,$548.2555,$497.255
12-01-2021,$517.6552,262,$535.5054,$555.9056,$510.0051
11/30/2021,$538.0554,797,$553.3555,$576.3058,$507.4551
11/29/2021,$568.6557,524,$606.9061,$632.3808,$545.7055
11/26/2021,$601.806,309,$606.9061,$643.8559,$594.1559
11/24/2021,$660.4566,1607,$576.3058,$675.7568,$548.2555
11/23/2021,$617.1062,3604,$467.5472,$619.6562,$467.5472
11/22/2021,$538.0554,75992,$530.9153,$861.9086,$502.355
11/19/2021,$517.6552,79,$525.3053,$525.3053,$512.6061
11/18/2021,$525.3053,99,$581.4058,$581.4058,$522.7552
11/17/2021,$566.1057,83,$578.8558,$581.4058,$561.0056
11/16/2021,$566.1057,124,$568.6557,$581.4058,$548.2555
11/15/2021,$581.4058,113,$596.706,$604.356,$561.0056
11-12-2021,$586.5059,175,$594.1559,$609.4561,$581.4058
11-11-2021,$599.256,295,$609.4561,$609.4561,$586.5059
11-10-2021,$609.4561,73,$612.0061,$624.7562,$599.256
11-09-2021,$617.1062,95,$624.7562,$637.5064,$611.8786
11-08-2021,$627.3063,71,$619.6562,$637.5064,$619.6562
11-05-2021,$617.1062,39,$612.0061,$642.5299,$609.4561
11-04-2021,$614.5561,74,$627.3063,$627.3063,$596.706
11-03-2021,$627.3063,74,$637.5064,$638.7814,$606.9061
11-02-2021,$624.7562,81,$645.1565,$663.0066,$606.9061
11-01-2021,$634.9564,62,$624.7562,$660.4311,$614.5561
10/29/2021,$609.4561,114,$614.5561,$660.4566,$606.9061
10/28/2021,$624.7562,110,$645.1565,$663.0066,$617.1062
10/27/2021,$650.2565,151,$701.257,$701.257,$632.4063
10/26/2021,$685.9569,1372,$624.7562,$762.4576,$587.7809
10/25/2021,$599.256,86,$678.3068,$678.3068,$599.256
10/22/2021,$601.806,64,$604.356,$631.1313,$586.5059
10/21/2021,$622.2062,67,$629.8563,$629.8563,$604.356
10/20/2021,$627.3063,39,$612.0061,$644.5189,$612.0061
10/19/2021,$619.7837,70,$642.6064,$644.4424,$609.4561
10/18/2021,$634.9564,89,$701.257,$701.257,$628.5813
10/15/2021,$596.706,70,$609.4561,$612.0061,$581.4058
10/14/2021,$609.4561,48,$609.4561,$609.4561,$586.5059
10/13/2021,$612.0061,66,$647.324,$647.324,$604.3815
10-12-2021,$612.0061,146,$657.9066,$657.9066,$603.948
10-11-2021,$586.5059,175,$714.0071,$714.0071,$583.9558
10-08-2021,$680.8568,67,$642.6064,$706.3571,$642.6064
10-07-2021,$668.1067,60,$684.8093,$701.2315,$663.0066
10-06-2021,$678.0008,40,$668.1322,$713.9816,$668.1322
10-05-2021,$688.5069,131,$675.7568,$716.5572,$675.7568
10-04-2021,$670.6567,84,$642.6064,$680.8568,$642.6064
10-01-2021,$665.5567,47,$599.256,$678.3068,$599.256
09/30/2021,$665.3017,154,$615.8312,$688.4814,$586.5314
09/29/2021,$617.1062,56,$612.0061,$634.9564,$591.6059
09/28/2021,$629.8563,156,$686.0079,$686.0079,$629.8563
09/27/2021,$647.7065,85,$683.4068,$688.5069,$646.4315
09/24/2021,$675.7568,54,$657.9066,$713.1146,$637.5064
09/23/2021,$660.4566,58,$670.6567,$689.8329,$650.2565
09/22/2021,$665.5567,46,$648.8285,$688.5069,$648.8285
09/21/2021,$691.0569,168,$671.9317,$701.257,$652.8065
09/20/2021,$660.4566,102,$660.4566,$691.1589,$650.2565
09/17/2021,$693.6069,96,$683.4068,$701.257,$663.0066
09/16/2021,$683.4068,121,$701.257,$701.257,$669.3817
09/15/2021,$711.4571,40,$696.157,$729.3073,$695.392
09/14/2021,$734.4073,208,$710.9471,$739.5074,$693.7089
09/13/2021,$714.0071,62,$765.0077,$765.0077,$710.9981
09-10-2021,$720.3822,56,$765.0077,$765.0077,$711.4571
09-09-2021,$729.3073,56,$726.7573,$765.0077,$726.7573
09-08-2021,$726.7573,36,$765.0077,$765.0077,$718.3932
09-07-2021,$765.0077,63,$731.8573,$765.0077,$726.7828
09-03-2021,$726.7573,119,$721.6572,$739.5074,$701.257
09-02-2021,$716.5572,26,$719.1072,$719.1072,$687.6399
09-01-2021,$701.257,162,$714.0071,$726.7573,$680.8568
08/31/2021,$719.1072,37,$749.7075,$749.7075,$703.8835
08/30/2021,$726.7573,39,$759.9076,$795.608,$726.7573
08/27/2021,$759.9076,46,$749.7075,$765.0077,$740.7824
08/26/2021,$731.8573,93,$798.158,$798.158,$731.8573
08/25/2021,$759.9076,147,$752.2575,$803.258,$726.7573
08/24/2021,$742.0574,22,$762.4576,$762.4576,$716.6847
08/23/2021,$757.3576,91,$708.9071,$774.5447,$708.9071
08/20/2021,$683.4068,48,$698.707,$698.707,$663.0066
08/19/2021,$647.7065,204,$714.0071,$714.0071,$637.5064
08/18/2021,$714.0071,198,$729.3073,$757.3576,$690.4449
08/17/2021,$739.5074,225,$785.4079,$785.4079,$731.8573
08/16/2021,$772.6577,148,$775.2078,$789.2329,$726.7573
08/13/2021,$757.3576,103,$787.9579,$804.482,$739.5329
08-12-2021,$808.3581,27,$782.8578,$808.3581,$780.3078
08-11-2021,$793.0579,37,$810.9081,$810.9081,$785.4079
08-10-2021,$810.9081,80,$782.8578,$810.9081,$780.3078
08-09-2021,$795.608,54,$795.608,$800.708,$777.7578
08-06-2021,$793.0579,25,$813.4326,$813.4326,$793.0579
08-05-2021,$813.4581,48,$826.2083,$826.2083,$800.453
08-04-2021,$813.4581,49,$813.4581,$817.2832,$801.7025
08-03-2021,$813.4581,89,$821.1082,$841.5084,$806.7771
08-02-2021,$810.9081,22,$814.7331,$818.5327,$803.2835
07/30/2021,$831.3083,49,$852.5245,$852.5245,$813.4836
07/29/2021,$841.5084,110,$831.3083,$841.5084,$808.3581
07/28/2021,$805.8081,42,$818.5582,$833.8583,$800.708
07/27/2021,$818.5582,54,$841.5084,$841.5084,$793.0579
07/26/2021,$838.6779,46,$813.4581,$864.0251,$803.258
07/23/2021,$816.0082,56,$828.7583,$864.4586,$798.158
07/22/2021,$826.2083,48,$821.1082,$841.5084,$816.0337
07/21/2021,$833.8583,75,$841.5084,$849.1585,$822.3832
07/20/2021,$836.4084,133,$810.9081,$882.3088,$800.708
07/19/2021,$821.1082,184,$770.1077,$831.3083,$770.1077
07/16/2021,$833.8583,36,$844.0584,$867.0087,$826.2083
07/15/2021,$844.0584,432,$785.4079,$905.2591,$780.3078
07/14/2021,$803.258,113,$849.1585,$849.1585,$793.0579
07/13/2021,$851.7085,41,$844.0584,$874.6587,$838.9584
07-12-2021,$854.2585,115,$874.6587,$874.6587,$841.5084
07-09-2021,$856.8086,80,$884.8589,$884.8589,$852.907
07-08-2021,$869.5587,120,$900.159,$915.4592,$846.6085
07-07-2021,$912.9091,287,$895.059,$953.7095,$895.059
07-06-2021,$905.2591,82,$884.8589,$918.0092,$884.8589
07-02-2021,$884.8589,101,$928.9743,$938.4094,$882.3088
07-01-2021,$930.7593,59,$895.059,$948.6095,$895.059
06/30/2021,$900.159,285,$948.6095,$948.6095,$869.5587
06/29/2021,$946.0595,498,$961.3596,$979.2098,$930.7593
06/28/2021,$956.2596,279,$951.1595,$979.2098,$935.8849
06/25/2021,$951.1595,622,$951.1595,$974.1097,$937.1344
06/24/2021,$951.1595,185,$920.5592,$976.6598,$920.5592
06/23/2021,$915.4592,153,$989.4099,$989.4099,$912.9091
06/22/2021,$989.4099,165,$974.1097,$989.4099,$920.5592
06/21/2021,$974.1097,216,$956.2596,$976.6598,$897.609
06/18/2021,$966.4597,305,$976.6598,$976.6598,$918.0092
06/17/2021,$976.6598,298,$910.3591,$976.6598,$887.4089
06/16/2021,$925.6593,329,$948.6095,$948.6095,$882.3088
06/15/2021,$938.4094,112,$969.0097,$969.0097,$918.0092
06/14/2021,$976.6598,91,$1002.16,$1002.16,$953.7095
06-11-2021,$979.2098,145,$969.0097,$994.5099,$951.1595
06-10-2021,$979.2098,820,$1032.7603,$1086.3109,$943.5094
06-09-2021,$1004.71,686,$1065.9107,$1091.4109,$997.06
06-08-2021,$1058.2606,377,$1060.8106,$1078.6608,$1022.5602
06-07-2021,$1045.5105,284,$1032.7603,$1071.0107,$1020.2652
06-04-2021,$1012.3601,261,$1014.9102,$1031.7403,$994.5099
06-03-2021,$989.4099,186,$1007.2601,$1012.3346,$976.6598
06-02-2021,$1007.2601,243,$994.5099,$1014.9102,$969.0097
06-01-2021,$1014.9102,275,$999.61,$1020.0102,$958.8096
05/28/2021,$981.7598,409,$1004.71,$1007.2601,$943.5094
05/27/2021,$976.6598,690,$889.9589,$989.4099,$877.2088
05/26/2021,$879.7588,331,$821.1082,$903.321,$821.1082
05/25/2021,$838.9584,697,$879.7588,$892.5089,$833.8583
05/24/2021,$887.4089,386,$918.0092,$920.5592,$854.284
05/21/2021,$935.8594,1458,$935.8594,$951.1595,$848.9035
05/20/2021,$935.8339,795,$851.7085,$981.7598,$851.7085
05/19/2021,$859.3586,727,$984.3098,$984.3098,$842.1969
05/18/2021,$966.4597,1988,$979.2098,$1032.7603,$892.5089
05/17/2021,$940.9594,1493,$889.9589,$943.5094,$872.1087
05/14/2021,$905.2591,5405,$846.6085,$918.0092,$795.608
05/13/2021,$874.6587,199377,$780.3078,$1173.0117,$780.3078
05-12-2021,$752.2575,180,$757.3576,$782.8578,$739.5074
05-11-2021,$770.1077,224,$770.1077,$787.9579,$744.6074
05-10-2021,$803.258,417,$813.4581,$915.4592,$793.0834
05-07-2021,$787.9579,120,$775.2078,$850.2295,$775.2078
05-06-2021,$782.8578,195,$828.7583,$836.4084,$777.7578
05-05-2021,$841.5084,461,$864.4586,$953.7095,$790.5079
05-04-2021,$877.2088,392,$826.2083,$899.19,$824.9333
05-03-2021,$844.0584,110,$861.9086,$876.8518,$831.3083
04/30/2021,$854.2585,46,$849.1585,$887.4089,$846.2515
04/29/2021,$859.3586,124,$912.9091,$912.9091,$823.6582
04/28/2021,$918.0092,102,$910.3591,$933.3093,$895.059
04/27/2021,$923.1092,214,$879.7588,$930.7593,$861.9086
04/26/2021,$889.9589,335,$859.3586,$910.3591,$840.2334
04/23/2021,$856.8086,112,$851.7085,$869.5587,$816.0082
04/22/2021,$869.5587,289,$902.709,$923.1092,$838.4484
04/21/2021,$872.1087,247,$803.258,$877.2088,$795.608
04/20/2021,$831.3083,1471,$861.9086,$1040.2829,$816.0082
04/19/2021,$884.8589,1292,$790.5079,$943.5094,$790.5079
04/16/2021,$790.5079,397,$752.2575,$802.544,$719.1072
04/15/2021,$767.5577,506,$892.5089,$892.5089,$744.6074
04/14/2021,$872.1087,382,$930.7593,$963.9096,$846.6085
04/13/2021,$928.2093,331,$986.8599,$997.06,$895.059
04-12-2021,$991.9599,311,$1060.8106,$1068.4607,$981.7598
04-09-2021,$1040.4104,317,$1060.8106,$1114.3611,$1025.1103
04-08-2021,$1086.3109,1054,$1020.0102,$1124.5612,$963.9096
04-07-2021,$1004.71,735,$1048.0605,$1058.2606,$984.3098
04-06-2021,$1045.5105,143,$1099.061,$1099.061,$1045.5105
04-05-2021,$1101.611,340,$1109.2611,$1116.9112,$1060.8106
04-01-2021,$1116.9112,154,$1144.9615,$1146.0835,$1106.7111
03/31/2021,$1111.8111,234,$1091.4109,$1165.3617,$1091.4109
03/30/2021,$1086.3109,254,$1116.9112,$1144.9615,$1083.7608
03/29/2021,$1147.5115,185,$1147.5115,$1160.2616,$1109.2611
03/26/2021,$1142.4114,216,$1137.3114,$1195.962,$1132.2113
03/25/2021,$1124.5612,176,$1086.3109,$1134.7614,$1086.3109
03/24/2021,$1086.3109,553,$1275.0128,$1371.9137,$1082.4858
03/23/2021,$1267.3627,360,$1282.6628,$1317.0882,$1234.2123
03/22/2021,$1348.9635,379,$1275.0128,$1389.7639,$1236.7624
03/19/2021,$1254.6125,687,$1326.0133,$1402.514,$1254.6125
03/18/2021,$1323.4632,573,$1359.1636,$1430.8958,$1290.3129
03/17/2021,$1377.0138,326,$1285.2129,$1402.514,$1280.1128
03/16/2021,$1315.8132,1067,$1320.9132,$1448.5675,$1264.8127
03/15/2021,$1320.9132,1992,$1241.4544,$1397.3885,$1193.4119
03-12-2021,$1119.4612,284,$1116.9112,$1147.5115,$1083.7608
03-11-2021,$1124.5612,305,$1122.0112,$1157.7116,$1099.061
03-10-2021,$1111.8111,296,$1116.9112,$1134.7614,$1083.7608
03-09-2021,$1116.9112,988,$1144.9615,$1201.47,$1076.1108
03-08-2021,$1239.3124,1031,$1081.2108,$1264.8127,$1020.0102
03-05-2021,$1071.0107,768,$1091.4109,$1139.3514,$1007.2601
03-04-2021,$1147.5115,1474,$1280.1128,$1282.6628,$1027.6603
03-03-2021,$1303.063,10543,$1428.0143,$1657.5166,$1252.0625
03-02-2021,$1359.1636,10556,$1224.0122,$1399.964,$1198.512
03-01-2021,$1170.4617,621,$1142.4114,$1192.9019,$1096.511
02/26/2021,$1076.1108,785,$1239.3124,$1239.3124,$1065.9107
02/25/2021,$1234.2123,1804,$1275.0128,$1313.2631,$1178.1118
02/24/2021,$1119.4612,3803,$1002.16,$1338.7634,$994.5099
02/23/2021,$1022.5602,543,$1053.1605,$1070.9852,$961.3596
02/22/2021,$1076.1108,406,$1109.2611,$1147.5115,$1060.8106
02/19/2021,$1109.2611,656,$1122.0112,$1147.5115,$1076.1108
02/18/2021,$1065.9107,884,$1109.2611,$1137.3114,$1032.7603
02/17/2021,$1114.3611,1146,$1326.0133,$1328.5633,$1086.3109
02/16/2021,$1290.3129,1012,$1338.7634,$1377.0138,$1277.5628
02-12-2021,$1328.5633,1899,$1522.3652,$1524.9153,$1226.5623
02-11-2021,$1547.8655,1076,$1734.0173,$1734.0173,$1530.0153
02-10-2021,$1654.9666,4398,$1785.0179,$1785.0179,$1530.0153
02-09-2021,$1484.1148,8040,$1377.0138,$2312.8731,$1326.0133
02-08-2021,$8532.8617,458,$4479.4793,$10925.5592,$4479.4793
02-05-2021,$3823.9457,82,$2163.2607,$4151.7125,$2163.2607
02-04-2021,$1964.4155,25,$1431.2482,$1964.4155,$1332.9182
02-03-2021,$1431.2482,15,$1440.535,$1573.2805,$1221.4775
02-02-2021,$1518.6527,5,$1308.882,$1529.5783,$1308.882
02-01-2021,$1551.4294,28,$1442.1738,$1551.4294,$1092.5559
01/29/2021,$1573.2805,9,$1551.4294,$1573.2805,$1420.3227
01/28/2021,$1529.5783,3,$1529.5783,$1529.5783,$1223.6626
01/27/2021,$1501.3903,7,$1486.9686,$1529.5783,$1387.546
01/26/2021,$1529.5783,3,$1393.0088,$1529.5783,$1393.0088
01/25/2021,$1529.5783,13,$1547.0592,$1547.0592,$1425.7855
01/22/2021,$1505.5421,15,$1464.0249,$1578.3063,$1361.4339
01/21/2021,$1464.0249,24,$1485.876,$1507.7272,$1309.9745
01/20/2021,$1486.9686,11,$1529.5783,$1529.5783,$1464.0249
01/19/2021,$1496.8016,6,$1638.8339,$1638.8339,$1464.0249
01/15/2021,$1529.5783,7,$1682.5361,$1682.5361,$1459.6547
01/14/2021,$1453.0994,10,$1513.1899,$1660.685,$1453.0994
01/13/2021,$1519.7453,5,$1545.9666,$1595.1316,$1465.1175
01-12-2021,$1595.1316,1,$1595.1316,$1595.1316,$1507.7272
01-11-2021,$1507.7272,5,$1536.2429,$1545.9666,$1485.876
01-08-2021,$1595.1316,4,$1625.7232,$1625.7232,$1488.0612
01-07-2021,$1556.8922,2,$1530.6708,$1625.7232,$1529.5783
01-06-2021,$1623.5381,16,$1464.0249,$1680.351,$1464.0249
01-05-2021,$1584.2061,31,$1704.3872,$1857.3451,$1114.407
01-04-2021,$1524.1155,16,$1709.413,$1748.0895,$1468.3952
12/31/2020,$1638.8339,36,$1966.6006,$1966.6006,$1420.3227
12/30/2020,$1638.8339,6,$1813.6428,$1846.4195,$1562.355
12/29/2020,$1879.1962,8,$2185.1118,$2185.1118,$1748.0895
12/28/2020,$1768.848,10,$2163.2607,$2163.2607,$1682.5361
12/24/2020,$2075.8562,9,$2185.1118,$2185.1118,$1584.2061
12/23/2020,$2185.1118,9,$2185.1118,$2185.1118,$1595.1316
12/22/2020,$2185.1118,4,$1578.7433,$2294.3674,$1562.355
12/21/2020,$1529.032,2,$1693.4617,$1693.4617,$1518.6527
12/18/2020,$1573.2805,18,$1638.8339,$1691.2766,$1529.5783
12/17/2020,$1704.3872,10,$2075.8562,$2075.8562,$1638.8339
12/16/2020,$1857.3451,3,$2098.7999,$2098.7999,$1834.4014
12/15/2020,$2075.8562,6,$1966.6006,$2075.8562,$1868.2706
12/14/2020,$1966.6006,8,$2075.8562,$2120.651,$1966.6006
12-11-2020,$2048.5423,1,$2333.6994,$2333.6994,$1966.6006
12-10-2020,$2075.8562,9,$2294.3674,$2294.3674,$1883.0201
12-09-2020,$2333.6994,N/A,$2015.7657,$2335.8845,$2015.7657
12-08-2020,$2294.3674,19,$2403.623,$2403.623,$2130.484
12-07-2020,$2185.1118,6,$2403.623,$2567.5064,$2185.1118
12-04-2020,$2206.9629,10,$1748.0895,$2786.0176,$1726.2383
12-03-2020,$1966.6006,9,$1726.2383,$1966.6006,$1726.2383
12-02-2020,$1671.6106,1,$1573.2805,$1704.3872,$1573.2805
12-01-2020,$1748.0895,8,$1573.2805,$1748.0895,$1573.2805
11/30/2020,$1595.1316,6,$1748.0895,$1748.0895,$1573.2805
11/27/2020,$1665.0552,3,$1619.1679,$1702.2021,$1573.2805
11/25/2020,$1573.2805,N/A,$1573.2805,$1700.017,$1573.2805
11/24/2020,$1575.4656,10,$1474.9505,$1704.3872,$1474.9505
11/23/2020,$1681.9898,2,$1584.2061,$1745.9044,$1584.2061
11/20/2020,$1573.2805,5,$1748.0895,$1748.0895,$1573.2805
11/19/2020,$1638.8339,14,$1774.3108,$1774.3108,$1638.8339
11/18/2020,$1748.0895,2,$1761.2001,$1761.2001,$1638.8339
11/17/2020,$1748.0895,3,$1573.2805,$1748.0895,$1573.2805
11/16/2020,$1572.188,6,$1748.0895,$1748.0895,$1529.5783
11/13/2020,$1748.0895,2,$1507.7272,$1748.0895,$1507.7272
11-12-2020,$1573.2805,4,$1748.0895,$1748.0895,$1573.2805
11-11-2020,$1748.0895,3,$1745.9044,$1774.3108,$1638.8339
11-10-2020,$1745.9044,8,$1638.8339,$1748.0895,$1584.2061
11-09-2020,$1733.2307,3,$1748.0895,$1857.3451,$1584.2061
11-06-2020,$1743.7192,10,$1726.2383,$1748.0895,$1551.4294
11-05-2020,$1830.0312,18,$1913.0654,$1966.6006,$1748.0895
11-04-2020,$2054.2236,N/A,$2054.2236,$2054.2236,$2054.2236
11-03-2020,$2126.1138,7,$2185.1118,$2185.1118,$1911.9729
11-02-2020,$2248.4801,1,$2403.623,$2403.623,$2078.0414
10/30/2020,$2316.2185,1,$1857.3451,$2321.6813,$1857.3451
10/29/2020,$2075.8562,5,$2130.484,$2202.5927,$2075.8562
10/28/2020,$2185.1118,2,$2163.2607,$2401.4379,$2163.2607
10/27/2020,$2223.3513,1,$2305.293,$2305.293,$2123.9287
10/26/2020,$2182.9267,8,$2606.8384,$2606.8384,$2182.9267
10/23/2020,$2403.623,1,$2395.9751,$2403.623,$2185.1118
10/22/2020,$2289.9972,6,$2185.1118,$2450.6029,$2086.7818
10/21/2020,$2401.4379,21,$2294.3674,$2403.623,$2045.2647
10/20/2020,$2399.2528,6,$2272.5163,$2543.4702,$2272.5163
10/19/2020,$2468.7393,1,$2538.0074,$2567.5064,$2370.8463
10/16/2020,$2409.0858,10,$2512.8786,$2602.4682,$2185.1118
10/15/2020,$2576.2468,7,$2370.8463,$2619.9491,$2250.6652
10/14/2020,$2403.623,4,$2501.953,$2501.953,$2343.5324
10/13/2020,$2600.2831,14,$2617.764,$2617.764,$2348.9952
10-12-2020,$2617.764,13,$2577.0116,$2720.4642,$2403.623
10-09-2020,$2622.1342,7,$2840.6454,$2912.7541,$2583.8947
10-08-2020,$2973.9372,6,$2767.4441,$3037.3054,$2657.096
10-07-2020,$2676.762,5,$2796.9431,$2796.9431,$2513.9712
10-06-2020,$2941.7068,2,$2729.2047,$2941.7068,$2643.9853
10-05-2020,$2938.9754,2,$2442.955,$3037.3054,$2442.955
10-02-2020,$2729.2047,6,$3037.3054,$3037.3054,$2512.8786
10-01-2020,$2729.2047,2,$2964.1042,$3037.3054,$2622.1342
09/30/2020,$3035.1203,3,$3129.0801,$3277.6677,$2425.4741
09/29/2020,$3059.1566,4,$2732.4823,$3059.1566,$2415.6411
09/28/2020,$3133.4504,3,$2590.9964,$3133.4504,$2316.2185
09/25/2020,$2599.1905,11,$2840.6454,$2882.7088,$2523.8042
09/24/2020,$2827.5347,6,$2535.8223,$3015.4543,$2515.0637
09/23/2020,$3050.4161,12,$2969.567,$3059.1566,$2634.1523
09/22/2020,$3037.3054,6,$3053.6938,$3168.4122,$2840.6454
09/21/2020,$3004.5288,5,$3372.7201,$3372.7201,$2720.4642
09/18/2020,$3603.2494,5,$3703.7646,$3703.7646,$3260.1869
09/17/2020,$3592.8701,1,$3714.6901,$3714.6901,$3255.8166
09/16/2020,$3714.6901,2,$3714.6901,$3823.9457,$3015.4543
09/15/2020,$3712.505,8,$3617.4526,$3823.9457,$2294.3674
09/14/2020,$3561.7323,7,$3627.2856,$3627.2856,$3354.6929
09-11-2020,$3627.2856,10,$3714.6901,$3823.9457,$3539.8812
09-10-2020,$3714.6901,7,$3845.7968,$3845.7968,$3386.9233
09-09-2020,$3714.6901,23,$3605.4345,$3714.6901,$3190.2633
09-08-2020,$3496.1789,14,$3496.1789,$3539.8812,$2862.4965
09-04-2020,$3277.6677,26,$2567.5064,$3539.8812,$2567.5064
09-03-2020,$2567.5064,2,$2594.8203,$2622.1342,$2425.4741
09-02-2020,$2567.5064,4,$2512.8786,$2567.5064,$2441.8625
09-01-2020,$2512.8786,5,$2403.623,$2512.8786,$2403.623
08/31/2020,$2403.623,5,$2403.623,$2622.1342,$2316.2185
08/28/2020,$2403.623,4,$2294.3674,$2416.1874,$2294.3674
08/27/2020,$2458.2508,7,$2401.4379,$2512.8786,$2294.3674
08/26/2020,$2444.5939,22,$2619.9491,$2619.9491,$2206.9629
08/25/2020,$2488.8424,11,$2389.9661,$2565.3213,$2263.7759
08/24/2020,$2619.9491,34,$3108.3216,$3108.3216,$2237.5545
08/21/2020,$2818.7943,13,$2622.1342,$2818.7943,$2458.2508
08/20/2020,$2654.9109,4,$2731.3898,$2731.3898,$2578.432
08/19/2020,$2829.7198,10,$2622.1342,$2831.9049,$2407.9932
08/18/2020,$2748.8707,10,$2840.6454,$2840.6454,$2622.1342
08/17/2020,$2796.9431,52,$3113.7844,$3113.7844,$2034.3391
08/14/2020,$3113.7844,35,$3780.2435,$3780.2435,$2787.1101
08/13/2020,$3714.6901,20,$3386.9233,$3714.6901,$3386.9233
08-12-2020,$3423.524,8,$3279.8529,$3845.7968,$3277.6677
08-11-2020,$3605.4345,9,$3845.7968,$3845.7968,$3299.5189
08-10-2020,$3703.7646,13,$3194.6335,$3823.9457,$3124.7099
08-07-2020,$3197.9112,6,$2988.1404,$3268.9273,$2988.1404
08-06-2020,$3113.7844,6,$3221.9474,$3223.04,$2840.6454
08-05-2020,$3004.5288,5,$2753.2409,$3195.7261,$2753.2409
08-04-2020,$3004.5288,9,$3277.6677,$3277.6677,$2786.0176
08-03-2020,$3070.0821,22,$3485.2534,$3485.2534,$2840.6454
07/31/2020,$3493.9938,19,$3703.7646,$3714.6901,$2735.76
07/30/2020,$3332.2955,7,$3330.1104,$3441.5511,$3231.7804
07/29/2020,$3496.1789,5,$3321.37,$3539.8812,$3321.37
07/28/2020,$3709.2273,7,$3714.6901,$3714.6901,$3277.6677
07/27/2020,$3452.4767,43,$3561.7323,$3933.2013,$2949.901
07/24/2020,$3823.9457,11,$3714.6901,$3823.9457,$3277.6677
07/23/2020,$3823.9457,11,$4064.308,$4064.308,$3714.6901
07/22/2020,$3878.5735,3,$3960.5152,$3960.5152,$3823.9457
07/21/2020,$4042.4569,4,$4064.308,$4326.5214,$4042.4569
07/20/2020,$4151.7125,4,$4368.0386,$4368.0386,$4044.642
07/17/2020,$4368.0386,6,$4151.7125,$4370.2237,$3998.7547
07/16/2020,$4151.7125,9,$4331.9842,$4370.2237,$3976.9035
07/15/2020,$4346.1874,9,$4304.6703,$4457.6281,$3976.9035
07/14/2020,$4147.3423,18,$4576.7167,$4576.7167,$3714.6901
07/13/2020,$4330.8916,2,$3955.0524,$4346.1874,$3955.0524
07-10-2020,$4339.6321,4,$4315.5959,$4346.1874,$3955.0524
07-09-2020,$4351.7595,5,$4805.0609,$4807.246,$4151.7125
07-08-2020,$4802.8758,4,$4357.113,$4916.5016,$3719.0603
07-07-2020,$4203.0626,3,$4370.2237,$4586.5497,$4046.8271
07-06-2020,$4588.7348,6,$4195.4147,$4588.7348,$3714.6901
07-02-2020,$4145.1571,2,$4184.4892,$4184.4892,$3605.4345
07-01-2020,$4193.2296,11,$3935.3864,$4195.4147,$3496.1789
06/30/2020,$4135.3241,9,$3676.4507,$4239.117,$3676.4507
06/29/2020,$4031.5313,36,$4471.2851,$4471.2851,$2840.6454
06/26/2020,$4413.9259,9,$4465.8223,$4490.4048,$4129.8614
06/25/2020,$4501.3304,13,$5679.1056,$5679.1056,$4392.0748
06/24/2020,$5679.1056,8,$5899.8019,$5899.8019,$4927.4272
06/23/2020,$5820.5916,16,$5460.5945,$5899.8019,$5025.7572
06/22/2020,$5025.7572,10,$4697.9904,$5124.0872,$4697.9904
06/19/2020,$4695.8053,21,$4523.1815,$5003.9061,$4354.9279
06/18/2020,$4293.7447,6,$3944.1269,$4670.6765,$3944.1269
06/17/2020,$4365.8534,9,$4845.4855,$4845.4855,$4151.7125
06/16/2020,$4663.0286,4,$4794.1354,$4794.1354,$4372.4088
06/15/2020,$4588.7348,17,$5451.854,$5451.854,$4151.7125
06-12-2020,$5451.854,16,$4313.4108,$5462.7796,$4075.9984
06-11-2020,$4313.4108,8,$4912.1314,$5462.7796,$4151.7125
06-10-2020,$4479.4793,16,$4807.246,$4807.246,$4370.2237
06-09-2020,$4479.4793,14,$4151.7125,$4807.246,$4151.7125
06-08-2020,$4307.948,30,$4809.4311,$5025.7572,$4044.642
06-05-2020,$5025.7572,35,$5462.7796,$5659.4396,$4697.9904
06-04-2020,$5681.2908,25,$6986.8951,$7418.4547,$5360.0793
06-03-2020,$6282.1965,12,$5943.5042,$6555.3355,$5462.7796
06-02-2020,$5899.8019,10,$6172.9409,$6183.8665,$5545.8138
06-01-2020,$6227.5687,24,$6880.9172,$6880.9172,$5464.9647
05/29/2020,$6773.8467,4,$7232.7202,$7232.7202,$6555.3355
05/28/2020,$7429.3802,2,$7822.7004,$8084.9138,$7145.3157
05/27/2020,$7429.3802,10,$6937.7301,$9612.3069,$6719.2189
05/26/2020,$6992.3579,4,$6990.1727,$6992.3579,$6336.8243
05/22/2020,$6990.1727,1,$6339.0094,$7101.6135,$6339.0094
05/21/2020,$6866.7139,12,$6664.5911,$7429.3802,$6284.3816
05/20/2020,$7101.0672,1,$7199.9435,$7407.5291,$6828.4745
05/19/2020,$7189.0179,2,$6577.1866,$7189.0179,$6446.0799
05/18/2020,$6872.1767,4,$6393.6372,$7503.674,$6393.6372
05/15/2020,$7451.2313,2,$7501.4889,$7503.674,$6555.3355
05/14/2020,$7363.8269,6,$7473.0825,$7473.0825,$6773.8467
05/13/2020,$7086.3177,2,$7004.376,$7374.7524,$6797.8829
05-12-2020,$6992.3579,1,$7372.5673,$7374.7524,$6797.8829
05-11-2020,$7208.6839,1,$7582.3381,$7582.3381,$6784.7722
05-08-2020,$7363.8269,21,$8150.4671,$8216.0205,$6686.4422
05-07-2020,$7702.5192,5,$7320.1246,$8063.0627,$7320.1246
05-06-2020,$7418.4547,4,$7320.1246,$7494.9336,$6773.8467
05-05-2020,$6986.8951,6,$7955.9922,$7955.9922,$6773.8467
05-04-2020,$7647.8914,6,$8072.8957,$8073.9882,$7210.869
05-01-2020,$7853.2919,1,$7735.2959,$8126.4309,$7210.869
04/30/2020,$8084.9138,4,$8150.4671,$8216.0205,$7844.5515
04/29/2020,$8084.9138,7,$7658.817,$8303.425,$7647.8914
04/28/2020,$8301.2398,2,$7757.147,$8519.751,$7757.147
04/27/2020,$8521.9361,5,$7757.147,$8631.1917,$7538.6358
04/24/2020,$8073.9882,3,$8565.6384,$8609.3406,$7647.8914
04/23/2020,$8237.8716,6,$9177.4697,$9177.4697,$7647.8914
04/22/2020,$8368.9783,4,$9483.3853,$9614.4921,$7997.5093
04/21/2020,$9483.3853,2,$8740.4473,$9483.3853,$8303.425
04/20/2020,$9505.2365,2,$8642.1173,$10925.5592,$8642.1173
04/17/2020,$8642.1173,4,$7647.8914,$11351.656,$7647.8914
04/16/2020,$7645.7063,1,$7429.3802,$7647.8914,$7156.2412
04/15/2020,$7341.9758,1,$7380.2152,$7418.4547,$7265.4968
04/14/2020,$7270.9596,1,$7427.1951,$7429.3802,$7254.5713
04/13/2020,$7144.2231,2,$6899.4906,$7418.4547,$6839.40
04-09-2020,$6883.1023,11,$7025.1345,$7304.5666,$6555.3355
04-08-2020,$7101.6135,3,$7451.2313,$7789.9237,$6894.0278
04-07-2020,$7647.8914,4,$7844.5515,$8063.0627,$7057.9112
04-06-2020,$7626.0403,5,$7374.7524,$7626.0403,$6609.9633
04-03-2020,$7210.869,2,$6686.4422,$7374.7524,$6555.3355
04-02-2020,$7101.6135,5,$7101.6135,$7645.7063,$6992.3579
04-01-2020,$7645.7063,11,$6391.4521,$9395.9809,$6391.4521
03/31/2020,$6725.7742,3,$6118.3131,$7097.2432,$6118.3131
03/30/2020,$6194.792,12,$6883.1023,$7206.4988,$6183.8665
03/27/2020,$7134.3901,15,$6975.9695,$7385.678,$5899.8019
03/26/2020,$6817.5489,6,$8139.5416,$8139.5416,$6817.5489
03/25/2020,$8183.2438,3,$7647.8914,$8194.1694,$6992.3579
03/24/2020,$7647.8914,8,$6883.1023,$7691.5936,$6555.3355
03/23/2020,$6829.0207,10,$6994.543,$7594.3562,$5901.9871
03/20/2020,$8521.9361,3,$8849.7029,$9177.4697,$6599.0377
03/19/2020,$8194.1694,10,$5244.2684,$8740.4473,$5244.2684
03/18/2020,$5244.2684,26,$6773.8467,$6773.8467,$5244.2684
03/17/2020,$7700.8804,6,$8303.425,$8356.4139,$6555.3355
03/16/2020,$8303.425,21,$8740.4473,$8740.4473,$5025.7572
03/13/2020,$8412.6805,8,$8956.7734,$10025.2931,$8084.9138
03-12-2020,$8303.425,13,$9886.5385,$9886.5385,$7866.4026
03-11-2020,$10049.3293,4,$11996.264,$12018.1151,$8961.1436
03-10-2020,$12018.1151,6,$7866.4026,$12455.1374,$7866.4026
03-09-2020,$8740.4473,20,$10925.5592,$10925.5592,$6336.8243
03-06-2020,$10707.048,14,$13329.1822,$13329.1822,$9616.6772
03-05-2020,$13219.9266,6,$13766.2045,$13766.2045,$10927.7443
03-04-2020,$14585.6215,N/A,$15293.5977,$15293.5977,$13875.4601
03-03-2020,$14203.2269,3,$15295.7828,$15295.7828,$13110.671
03-02-2020,$14858.7605,6,$14312.4825,$15295.7828,$11908.8595
02/28/2020,$14558.3076,2,$14988.7746,$15186.5272,$14203.2269
02/27/2020,$15405.0384,5,$13788.0557,$15470.5918,$13547.6934
02/26/2020,$15077.2716,1,$15592.958,$15592.958,$14301.5569
02/25/2020,$13984.7157,7,$16209.1596,$16209.1596,$13012.341
02/24/2020,$15732.8052,11,$18027.1726,$18027.1726,$14203.2269
02/21/2020,$17306.0857,3,$17480.8946,$17915.7319,$15973.1675
02/20/2020,$17915.7319,2,$17480.8946,$18573.4506,$16606.8499
02/19/2020,$17429.5445,3,$18787.5915,$18802.8873,$17043.8723
02/18/2020,$17758.4039,20,$17917.917,$19666.0065,$17480.8946
02/14/2020,$17043.8723,9,$15295.7828,$17043.8723,$15295.7828
02/13/2020,$15951.3164,4,$14618.3981,$16825.3611,$13809.9068
02-12-2020,$14858.7605,12,$15104.5855,$15186.5272,$11470.1546
02-11-2020,$15732.8052,9,$17153.1279,$17590.1502,$14858.7605
02-10-2020,$17480.8946,1,$17109.4256,$19228.9841,$17109.4256
02-07-2020,$17480.8946,1,$18573.4506,$18573.4506,$17043.8723
02-06-2020,$18573.4506,3,$18573.4506,$18791.9617,$16945.5422
02-05-2020,$17786.8103,3,$19010.4729,$19228.9841,$17764.9592
02-04-2020,$18835.664,3,$19447.4953,$19447.4953,$17262.3835
02-03-2020,$17480.8946,1,$19666.0065,$19666.0065,$16906.7565
01/31/2020,$17544.2629,6,$15869.3747,$18184.5007,$15869.3747
01/30/2020,$16005.9442,10,$16825.3611,$17262.3835,$15377.7245
01/29/2020,$17262.3835,18,$19447.4953,$19447.4953,$16169.8275
01/28/2020,$19228.9841,10,$19228.9841,$20103.0288,$17699.4058
01/27/2020,$19228.9841,7,$20103.0288,$20321.54,$19228.9841
01/24/2020,$19775.2621,33,$19010.4729,$21195.5848,$17480.8946
01/23/2020,$19010.4729,10,$18136.4282,$19010.4729,$16388.3387
01/22/2020,$17699.4058,15,$17260.1984,$19336.0546,$16716.1055
01/21/2020,$16519.4454,13,$15951.3164,$16519.4454,$13766.2045
01/17/2020,$15623.5496,17,$14203.2269,$16169.8275,$13984.1694
01/16/2020,$13547.6934,19,$10925.5592,$15273.9317,$10925.5592
01/15/2020,$11362.5815,6,$10925.5592,$12005.0044,$9506.329
01/14/2020,$10704.8629,9,$8157.0225,$10704.8629,$8157.0225
01/13/2020,$8738.2622,1,$8718.5962,$8740.4473,$8368.9783
01-10-2020,$8412.6805,3,$8633.3768,$8739.3548,$8047.7669
01-09-2020,$8527.3989,3,$9286.7253,$9286.7253,$8089.284
01-08-2020,$8736.0771,2,$8303.425,$8827.8518,$8084.9138
01-07-2020,$8303.425,14,$8325.2761,$8849.7029,$8301.2398
01-06-2020,$8736.0771,5,$8337.2942,$8740.4473,$7876.2356
01-03-2020,$8041.2115,9,$6555.3355,$8347.1272,$5899.8019
01-02-2020,$7394.4184,6,$7101.6135,$7394.4184,$6992.3579
12/31/2019,$7210.869,1,$6730.1444,$7210.869,$6555.3355
12/30/2019,$6664.5911,2,$6555.3355,$6883.1023,$6140.1642
12/27/2019,$6555.3355,1,$6336.8243,$6555.3355,$6227.5687
12/26/2019,$6282.1965,1,$7145.3157,$7145.3157,$6118.3131
12/24/2019,$6771.6616,1,$6588.1122,$6771.6616,$5899.8019
12/23/2019,$6664.5911,2,$6336.8243,$6773.8467,$6011.2426
12/20/2019,$6577.1866,1,$6883.1023,$7101.6135,$6501.8003
12/19/2019,$6883.1023,4,$6528.0216,$7210.869,$6485.2371
12/18/2019,$6446.6262,2,$6241.5534,$6555.3355,$6074.6109
12/17/2019,$6269.0858,1,$4949.2783,$6561.8908,$4949.2783
12/16/2019,$6172.9409,2,$6557.5206,$6559.7057,$5917.2828
12/13/2019,$6401.591,3,$5899.8019,$6555.3355,$5899.8019
12-12-2019,$6664.5911,1,$6060.4077,$6664.5911,$6060.4077
12-11-2019,$6183.8665,2,$6365.2308,$6609.9633,$5899.8019
12-10-2019,$5681.2908,9,$6107.3876,$6555.3355,$5681.2908
12-09-2019,$5951.6983,5,$6150.6528,$6150.6528,$5464.9647
12-06-2019,$6522.5588,7,$6555.3355,$6555.3355,$5724.993
12-05-2019,$6495.2012,3,$7498.2112,$7498.2112,$5798.1942
12-04-2019,$6113.9429,7,$6046.2044,$6878.732,$5462.7796
12-03-2019,$5462.7796,3,$5899.8019,$5914.8792,$5462.7796
12-02-2019,$6118.3131,N/A,$6363.0457,$6363.0457,$5921.6531
11/29/2019,$6373.0098,N/A,$6293.1221,$6373.0098,$6293.1221
11/27/2019,$6009.0575,2,$6129.2387,$6304.0476,$5572.0352
11/26/2019,$6332.4541,6,$5786.1761,$6555.3355,$5681.2908
11/25/2019,$5462.7796,2,$5808.0272,$5808.0272,$5462.7796
11/22/2019,$5810.2124,11,$5877.9508,$5899.8019,$5462.7796
11/21/2019,$5790.5464,6,$5733.7334,$5873.5806,$5357.8942
11/20/2019,$5353.524,12,$5135.0128,$6116.128,$5025.7572
11/19/2019,$5462.7796,7,$7427.1951,$7427.1951,$5309.8217
11/18/2019,$6521.7722,5,$6992.3579,$7626.0403,$6446.0799
11/15/2019,$7276.5972,3,$7669.7425,$8303.425,$6883.1023
11/14/2019,$7669.7425,6,$8303.425,$8740.4473,$7429.3802
11/13/2019,$8028.1009,2,$8084.9138,$8084.9138,$7538.6358
11-12-2019,$7217.4244,11,$7866.4026,$8303.425,$7217.4244
11-11-2019,$7866.4026,9,$7647.8914,$8303.425,$7320.1246
11-08-2019,$7425.01,5,$6974.877,$7429.3802,$6883.1023
11-07-2019,$6861.2511,2,$7101.6135,$7538.6358,$6555.3355
11-06-2019,$6773.8467,6,$6336.8243,$7095.0581,$6229.7538
11-05-2019,$6101.007,7,$7199.9435,$7208.6839,$6101.007
11-04-2019,$6424.2288,18,$7156.2412,$7647.8914,$6336.8243
11-01-2019,$6553.1504,21,$6555.3355,$7088.5028,$5899.8019
10/31/2019,$6336.8243,14,$6629.6293,$7372.5673,$5790.5464
10/30/2019,$6498.5226,26,$5462.7796,$7088.5028,$5462.7796
10/29/2019,$5572.0352,6,$5244.2684,$5681.2908,$5244.2684
